date,year,month,month_name,state,unemployment_rate
2016-01-01,2016,1,january,AL,6.0
2016-02-01,2016,2,february,AL,5.9
2016-03-01,2016,3,march,AL,5.9
2016-04-01,2016,4,april,AL,5.8
2016-05-01,2016,5,may,AL,5.8
2016-06-01,2016,6,june,AL,5.8
2016-07-01,2016,7,july,AL,5.8
2016-08-01,2016,8,august,AL,5.8
2016-09-01,2016,9,september,AL,5.9
2016-10-01,2016,10,october,AL,5.9
2016-11-01,2016,11,november,AL,5.8
2016-12-01,2016,12,december,AL,5.7
2017-01-01,2017,1,january,AL,5.4
2017-02-01,2017,2,february,AL,5.2
2017-03-01,2017,3,march,AL,4.9
2017-04-01,2017,4,april,AL,4.7
2017-05-01,2017,5,may,AL,4.5
2017-06-01,2017,6,june,AL,4.3
2017-07-01,2017,7,july,AL,4.2
2017-08-01,2017,8,august,AL,4.1
2017-09-01,2017,9,september,AL,4.0
2017-10-01,2017,10,october,AL,3.9
2017-11-01,2017,11,november,AL,3.9
2017-12-01,2017,12,december,AL,3.9
2018-01-01,2018,1,january,AL,3.9
2018-02-01,2018,2,february,AL,3.9
2018-03-01,2018,3,march,AL,4.0
2018-04-01,2018,4,april,AL,4.0
2018-05-01,2018,5,may,AL,4.0
2018-06-01,2018,6,june,AL,4.0
2018-07-01,2018,7,july,AL,4.0
2018-08-01,2018,8,august,AL,3.9
2018-09-01,2018,9,september,AL,3.8
2018-10-01,2018,10,october,AL,3.7
2018-11-01,2018,11,november,AL,3.7
2018-12-01,2018,12,december,AL,3.6
2019-01-01,2019,1,january,AL,3.6
2019-02-01,2019,2,february,AL,3.5
2019-03-01,2019,3,march,AL,3.3
2019-04-01,2019,4,april,AL,3.2
2019-05-01,2019,5,may,AL,3.0
2019-06-01,2019,6,june,AL,2.9
2019-07-01,2019,7,july,AL,2.8
2019-08-01,2019,8,august,AL,2.8
2019-09-01,2019,9,september,AL,2.7
2019-10-01,2019,10,october,AL,2.7
2019-11-01,2019,11,november,AL,2.7
2019-12-01,2019,12,december,AL,2.7
2020-01-01,2020,1,january,AL,2.7
2020-02-01,2020,2,february,AL,2.7
2020-03-01,2020,3,march,AL,3.0
2020-04-01,2020,4,april,AL,13.8
2020-05-01,2020,5,may,AL,9.6
2020-06-01,2020,6,june,AL,7.6
2020-07-01,2020,7,july,AL,7.9
2020-08-01,2020,8,august,AL,5.6
2020-09-01,2020,9,september,AL,6.7
2020-10-01,2020,10,october,AL,5.8
2016-01-01,2016,1,january,AK,6.7
2016-02-01,2016,2,february,AK,6.8
2016-03-01,2016,3,march,AK,6.8
2016-04-01,2016,4,april,AK,6.8
2016-05-01,2016,5,may,AK,6.9
2016-06-01,2016,6,june,AK,6.9
2016-07-01,2016,7,july,AK,6.9
2016-08-01,2016,8,august,AK,6.9
2016-09-01,2016,9,september,AK,6.9
2016-10-01,2016,10,october,AK,6.9
2016-11-01,2016,11,november,AK,6.9
2016-12-01,2016,12,december,AK,6.9
2017-01-01,2017,1,january,AK,6.9
2017-02-01,2017,2,february,AK,6.9
2017-03-01,2017,3,march,AK,6.9
2017-04-01,2017,4,april,AK,6.9
2017-05-01,2017,5,may,AK,6.9
2017-06-01,2017,6,june,AK,6.9
2017-07-01,2017,7,july,AK,6.9
2017-08-01,2017,8,august,AK,6.9
2017-09-01,2017,9,september,AK,6.9
2017-10-01,2017,10,october,AK,6.9
2017-11-01,2017,11,november,AK,6.8
2017-12-01,2017,12,december,AK,6.8
2018-01-01,2018,1,january,AK,6.7
2018-02-01,2018,2,february,AK,6.7
2018-03-01,2018,3,march,AK,6.6
2018-04-01,2018,4,april,AK,6.6
2018-05-01,2018,5,may,AK,6.5
2018-06-01,2018,6,june,AK,6.5
2018-07-01,2018,7,july,AK,6.4
2018-08-01,2018,8,august,AK,6.4
2018-09-01,2018,9,september,AK,6.3
2018-10-01,2018,10,october,AK,6.3
2018-11-01,2018,11,november,AK,6.2
2018-12-01,2018,12,december,AK,6.2
2019-01-01,2019,1,january,AK,6.1
2019-02-01,2019,2,february,AK,6.1
2019-03-01,2019,3,march,AK,6.1
2019-04-01,2019,4,april,AK,6.1
2019-05-01,2019,5,may,AK,6.2
2019-06-01,2019,6,june,AK,6.2
2019-07-01,2019,7,july,AK,6.2
2019-08-01,2019,8,august,AK,6.2
2019-09-01,2019,9,september,AK,6.2
2019-10-01,2019,10,october,AK,6.1
2019-11-01,2019,11,november,AK,6.1
2019-12-01,2019,12,december,AK,6.1
2020-01-01,2020,1,january,AK,6.0
2020-02-01,2020,2,february,AK,5.8
2020-03-01,2020,3,march,AK,5.2
2020-04-01,2020,4,april,AK,13.5
2020-05-01,2020,5,may,AK,12.7
2020-06-01,2020,6,june,AK,12.4
2020-07-01,2020,7,july,AK,11.6
2020-08-01,2020,8,august,AK,7.4
2020-09-01,2020,9,september,AK,7.2
2020-10-01,2020,10,october,AK,5.9
2016-01-01,2016,1,january,AZ,5.6
2016-02-01,2016,2,february,AZ,5.5
2016-03-01,2016,3,march,AZ,5.5
2016-04-01,2016,4,april,AZ,5.5
2016-05-01,2016,5,may,AZ,5.4
2016-06-01,2016,6,june,AZ,5.4
2016-07-01,2016,7,july,AZ,5.4
2016-08-01,2016,8,august,AZ,5.3
2016-09-01,2016,9,september,AZ,5.3
2016-10-01,2016,10,october,AZ,5.2
2016-11-01,2016,11,november,AZ,5.2
2016-12-01,2016,12,december,AZ,5.2
2017-01-01,2017,1,january,AZ,5.1
2017-02-01,2017,2,february,AZ,5.1
2017-03-01,2017,3,march,AZ,5.0
2017-04-01,2017,4,april,AZ,5.0
2017-05-01,2017,5,may,AZ,4.9
2017-06-01,2017,6,june,AZ,4.8
2017-07-01,2017,7,july,AZ,4.8
2017-08-01,2017,8,august,AZ,4.7
2017-09-01,2017,9,september,AZ,4.7
2017-10-01,2017,10,october,AZ,4.7
2017-11-01,2017,11,november,AZ,4.7
2017-12-01,2017,12,december,AZ,4.8
2018-01-01,2018,1,january,AZ,4.8
2018-02-01,2018,2,february,AZ,4.8
2018-03-01,2018,3,march,AZ,4.7
2018-04-01,2018,4,april,AZ,4.7
2018-05-01,2018,5,may,AZ,4.7
2018-06-01,2018,6,june,AZ,4.7
2018-07-01,2018,7,july,AZ,4.7
2018-08-01,2018,8,august,AZ,4.7
2018-09-01,2018,9,september,AZ,4.7
2018-10-01,2018,10,october,AZ,4.8
2018-11-01,2018,11,november,AZ,4.8
2018-12-01,2018,12,december,AZ,4.8
2019-01-01,2019,1,january,AZ,4.9
2019-02-01,2019,2,february,AZ,4.9
2019-03-01,2019,3,march,AZ,4.8
2019-04-01,2019,4,april,AZ,4.8
2019-05-01,2019,5,may,AZ,4.8
2019-06-01,2019,6,june,AZ,4.8
2019-07-01,2019,7,july,AZ,4.7
2019-08-01,2019,8,august,AZ,4.6
2019-09-01,2019,9,september,AZ,4.6
2019-10-01,2019,10,october,AZ,4.5
2019-11-01,2019,11,november,AZ,4.5
2019-12-01,2019,12,december,AZ,4.5
2020-01-01,2020,1,january,AZ,4.5
2020-02-01,2020,2,february,AZ,4.5
2020-03-01,2020,3,march,AZ,6.1
2020-04-01,2020,4,april,AZ,13.4
2020-05-01,2020,5,may,AZ,9.0
2020-06-01,2020,6,june,AZ,10.0
2020-07-01,2020,7,july,AZ,10.7
2020-08-01,2020,8,august,AZ,5.9
2020-09-01,2020,9,september,AZ,6.5
2020-10-01,2020,10,october,AZ,8.0
2016-01-01,2016,1,january,AR,4.2
2016-02-01,2016,2,february,AR,4.2
2016-03-01,2016,3,march,AR,4.1
2016-04-01,2016,4,april,AR,4.0
2016-05-01,2016,5,may,AR,4.0
2016-06-01,2016,6,june,AR,4.0
2016-07-01,2016,7,july,AR,4.0
2016-08-01,2016,8,august,AR,3.9
2016-09-01,2016,9,september,AR,3.9
2016-10-01,2016,10,october,AR,3.8
2016-11-01,2016,11,november,AR,3.8
2016-12-01,2016,12,december,AR,3.7
2017-01-01,2017,1,january,AR,3.7
2017-02-01,2017,2,february,AR,3.7
2017-03-01,2017,3,march,AR,3.6
2017-04-01,2017,4,april,AR,3.6
2017-05-01,2017,5,may,AR,3.7
2017-06-01,2017,6,june,AR,3.7
2017-07-01,2017,7,july,AR,3.7
2017-08-01,2017,8,august,AR,3.7
2017-09-01,2017,9,september,AR,3.7
2017-10-01,2017,10,october,AR,3.7
2017-11-01,2017,11,november,AR,3.7
2017-12-01,2017,12,december,AR,3.7
2018-01-01,2018,1,january,AR,3.7
2018-02-01,2018,2,february,AR,3.7
2018-03-01,2018,3,march,AR,3.7
2018-04-01,2018,4,april,AR,3.7
2018-05-01,2018,5,may,AR,3.7
2018-06-01,2018,6,june,AR,3.6
2018-07-01,2018,7,july,AR,3.6
2018-08-01,2018,8,august,AR,3.6
2018-09-01,2018,9,september,AR,3.6
2018-10-01,2018,10,october,AR,3.6
2018-11-01,2018,11,november,AR,3.6
2018-12-01,2018,12,december,AR,3.6
2019-01-01,2019,1,january,AR,3.6
2019-02-01,2019,2,february,AR,3.6
2019-03-01,2019,3,march,AR,3.5
2019-04-01,2019,4,april,AR,3.5
2019-05-01,2019,5,may,AR,3.5
2019-06-01,2019,6,june,AR,3.6
2019-07-01,2019,7,july,AR,3.6
2019-08-01,2019,8,august,AR,3.6
2019-09-01,2019,9,september,AR,3.6
2019-10-01,2019,10,october,AR,3.5
2019-11-01,2019,11,november,AR,3.5
2019-12-01,2019,12,december,AR,3.5
2020-01-01,2020,1,january,AR,3.5
2020-02-01,2020,2,february,AR,3.5
2020-03-01,2020,3,march,AR,5.0
2020-04-01,2020,4,april,AR,10.8
2020-05-01,2020,5,may,AR,9.6
2020-06-01,2020,6,june,AR,8.1
2020-07-01,2020,7,july,AR,7.1
2020-08-01,2020,8,august,AR,7.4
2020-09-01,2020,9,september,AR,7.2
2020-10-01,2020,10,october,AR,6.2
2016-01-01,2016,1,january,CA,5.7
2016-02-01,2016,2,february,CA,5.6
2016-03-01,2016,3,march,CA,5.6
2016-04-01,2016,4,april,CA,5.5
2016-05-01,2016,5,may,CA,5.5
2016-06-01,2016,6,june,CA,5.5
2016-07-01,2016,7,july,CA,5.5
2016-08-01,2016,8,august,CA,5.5
2016-09-01,2016,9,september,CA,5.4
2016-10-01,2016,10,october,CA,5.4
2016-11-01,2016,11,november,CA,5.4
2016-12-01,2016,12,december,CA,5.3
2017-01-01,2017,1,january,CA,5.2
2017-02-01,2017,2,february,CA,5.1
2017-03-01,2017,3,march,CA,5.0
2017-04-01,2017,4,april,CA,4.9
2017-05-01,2017,5,may,CA,4.9
2017-06-01,2017,6,june,CA,4.8
2017-07-01,2017,7,july,CA,4.8
2017-08-01,2017,8,august,CA,4.7
2017-09-01,2017,9,september,CA,4.6
2017-10-01,2017,10,october,CA,4.6
2017-11-01,2017,11,november,CA,4.5
2017-12-01,2017,12,december,CA,4.4
2018-01-01,2018,1,january,CA,4.4
2018-02-01,2018,2,february,CA,4.3
2018-03-01,2018,3,march,CA,4.3
2018-04-01,2018,4,april,CA,4.3
2018-05-01,2018,5,may,CA,4.3
2018-06-01,2018,6,june,CA,4.2
2018-07-01,2018,7,july,CA,4.2
2018-08-01,2018,8,august,CA,4.2
2018-09-01,2018,9,september,CA,4.2
2018-10-01,2018,10,october,CA,4.2
2018-11-01,2018,11,november,CA,4.2
2018-12-01,2018,12,december,CA,4.3
2019-01-01,2019,1,january,CA,4.3
2019-02-01,2019,2,february,CA,4.3
2019-03-01,2019,3,march,CA,4.2
2019-04-01,2019,4,april,CA,4.2
2019-05-01,2019,5,may,CA,4.1
2019-06-01,2019,6,june,CA,4.0
2019-07-01,2019,7,july,CA,4.0
2019-08-01,2019,8,august,CA,3.9
2019-09-01,2019,9,september,CA,3.9
2019-10-01,2019,10,october,CA,3.9
2019-11-01,2019,11,november,CA,3.9
2019-12-01,2019,12,december,CA,3.9
2020-01-01,2020,1,january,CA,3.9
2020-02-01,2020,2,february,CA,3.9
2020-03-01,2020,3,march,CA,5.5
2020-04-01,2020,4,april,CA,16.4
2020-05-01,2020,5,may,CA,16.4
2020-06-01,2020,6,june,CA,14.9
2020-07-01,2020,7,july,CA,13.5
2020-08-01,2020,8,august,CA,11.2
2020-09-01,2020,9,september,CA,11.1
2020-10-01,2020,10,october,CA,9.3
2016-01-01,2016,1,january,CO,3.5
2016-02-01,2016,2,february,CO,3.5
2016-03-01,2016,3,march,CO,3.5
2016-04-01,2016,4,april,CO,3.5
2016-05-01,2016,5,may,CO,3.4
2016-06-01,2016,6,june,CO,3.4
2016-07-01,2016,7,july,CO,3.3
2016-08-01,2016,8,august,CO,3.3
2016-09-01,2016,9,september,CO,3.2
2016-10-01,2016,10,october,CO,3.1
2016-11-01,2016,11,november,CO,3.0
2016-12-01,2016,12,december,CO,2.9
2017-01-01,2017,1,january,CO,2.8
2017-02-01,2017,2,february,CO,2.7
2017-03-01,2017,3,march,CO,2.7
2017-04-01,2017,4,april,CO,2.7
2017-05-01,2017,5,may,CO,2.7
2017-06-01,2017,6,june,CO,2.7
2017-07-01,2017,7,july,CO,2.8
2017-08-01,2017,8,august,CO,2.8
2017-09-01,2017,9,september,CO,2.9
2017-10-01,2017,10,october,CO,2.9
2017-11-01,2017,11,november,CO,2.9
2017-12-01,2017,12,december,CO,2.9
2018-01-01,2018,1,january,CO,3.0
2018-02-01,2018,2,february,CO,3.0
2018-03-01,2018,3,march,CO,3.0
2018-04-01,2018,4,april,CO,3.1
2018-05-01,2018,5,may,CO,3.1
2018-06-01,2018,6,june,CO,3.2
2018-07-01,2018,7,july,CO,3.2
2018-08-01,2018,8,august,CO,3.2
2018-09-01,2018,9,september,CO,3.3
2018-10-01,2018,10,october,CO,3.3
2018-11-01,2018,11,november,CO,3.3
2018-12-01,2018,12,december,CO,3.2
2019-01-01,2019,1,january,CO,3.2
2019-02-01,2019,2,february,CO,3.1
2019-03-01,2019,3,march,CO,3.0
2019-04-01,2019,4,april,CO,2.9
2019-05-01,2019,5,may,CO,2.8
2019-06-01,2019,6,june,CO,2.7
2019-07-01,2019,7,july,CO,2.7
2019-08-01,2019,8,august,CO,2.6
2019-09-01,2019,9,september,CO,2.6
2019-10-01,2019,10,october,CO,2.5
2019-11-01,2019,11,november,CO,2.5
2019-12-01,2019,12,december,CO,2.5
2020-01-01,2020,1,january,CO,2.5
2020-02-01,2020,2,february,CO,2.5
2020-03-01,2020,3,march,CO,5.2
2020-04-01,2020,4,april,CO,12.2
2020-05-01,2020,5,may,CO,10.2
2020-06-01,2020,6,june,CO,10.6
2020-07-01,2020,7,july,CO,7.4
2020-08-01,2020,8,august,CO,6.7
2020-09-01,2020,9,september,CO,6.4
2020-10-01,2020,10,october,CO,6.4
2016-01-01,2016,1,january,CT,5.5
2016-02-01,2016,2,february,CT,5.4
2016-03-01,2016,3,march,CT,5.4
2016-04-01,2016,4,april,CT,5.3
2016-05-01,2016,5,may,CT,5.3
2016-06-01,2016,6,june,CT,5.2
2016-07-01,2016,7,july,CT,5.2
2016-08-01,2016,8,august,CT,5.1
2016-09-01,2016,9,september,CT,5.0
2016-10-01,2016,10,october,CT,4.9
2016-11-01,2016,11,november,CT,4.9
2016-12-01,2016,12,december,CT,4.8
2017-01-01,2017,1,january,CT,4.8
2017-02-01,2017,2,february,CT,4.8
2017-03-01,2017,3,march,CT,4.8
2017-04-01,2017,4,april,CT,4.8
2017-05-01,2017,5,may,CT,4.8
2017-06-01,2017,6,june,CT,4.7
2017-07-01,2017,7,july,CT,4.7
2017-08-01,2017,8,august,CT,4.6
2017-09-01,2017,9,september,CT,4.6
2017-10-01,2017,10,october,CT,4.6
2017-11-01,2017,11,november,CT,4.6
2017-12-01,2017,12,december,CT,4.6
2018-01-01,2018,1,january,CT,4.5
2018-02-01,2018,2,february,CT,4.5
2018-03-01,2018,3,march,CT,4.4
2018-04-01,2018,4,april,CT,4.3
2018-05-01,2018,5,may,CT,4.2
2018-06-01,2018,6,june,CT,4.2
2018-07-01,2018,7,july,CT,4.1
2018-08-01,2018,8,august,CT,4.0
2018-09-01,2018,9,september,CT,4.0
2018-10-01,2018,10,october,CT,3.9
2018-11-01,2018,11,november,CT,3.9
2018-12-01,2018,12,december,CT,3.9
2019-01-01,2019,1,january,CT,3.8
2019-02-01,2019,2,february,CT,3.8
2019-03-01,2019,3,march,CT,3.7
2019-04-01,2019,4,april,CT,3.7
2019-05-01,2019,5,may,CT,3.7
2019-06-01,2019,6,june,CT,3.7
2019-07-01,2019,7,july,CT,3.7
2019-08-01,2019,8,august,CT,3.7
2019-09-01,2019,9,september,CT,3.7
2019-10-01,2019,10,october,CT,3.8
2019-11-01,2019,11,november,CT,3.8
2019-12-01,2019,12,december,CT,3.8
2020-01-01,2020,1,january,CT,3.7
2020-02-01,2020,2,february,CT,3.8
2020-03-01,2020,3,march,CT,3.4
2020-04-01,2020,4,april,CT,8.3
2020-05-01,2020,5,may,CT,9.6
2020-06-01,2020,6,june,CT,10.1
2020-07-01,2020,7,july,CT,10.2
2020-08-01,2020,8,august,CT,8.1
2020-09-01,2020,9,september,CT,7.7
2020-10-01,2020,10,october,CT,6.1
2016-01-01,2016,1,january,DE,4.6
2016-02-01,2016,2,february,DE,4.6
2016-03-01,2016,3,march,DE,4.5
2016-04-01,2016,4,april,DE,4.5
2016-05-01,2016,5,may,DE,4.5
2016-06-01,2016,6,june,DE,4.5
2016-07-01,2016,7,july,DE,4.5
2016-08-01,2016,8,august,DE,4.5
2016-09-01,2016,9,september,DE,4.5
2016-10-01,2016,10,october,DE,4.5
2016-11-01,2016,11,november,DE,4.5
2016-12-01,2016,12,december,DE,4.6
2017-01-01,2017,1,january,DE,4.6
2017-02-01,2017,2,february,DE,4.6
2017-03-01,2017,3,march,DE,4.6
2017-04-01,2017,4,april,DE,4.6
2017-05-01,2017,5,may,DE,4.6
2017-06-01,2017,6,june,DE,4.5
2017-07-01,2017,7,july,DE,4.5
2017-08-01,2017,8,august,DE,4.4
2017-09-01,2017,9,september,DE,4.4
2017-10-01,2017,10,october,DE,4.3
2017-11-01,2017,11,november,DE,4.3
2017-12-01,2017,12,december,DE,4.2
2018-01-01,2018,1,january,DE,4.1
2018-02-01,2018,2,february,DE,4.1
2018-03-01,2018,3,march,DE,4.0
2018-04-01,2018,4,april,DE,3.9
2018-05-01,2018,5,may,DE,3.9
2018-06-01,2018,6,june,DE,3.8
2018-07-01,2018,7,july,DE,3.7
2018-08-01,2018,8,august,DE,3.7
2018-09-01,2018,9,september,DE,3.6
2018-10-01,2018,10,october,DE,3.6
2018-11-01,2018,11,november,DE,3.5
2018-12-01,2018,12,december,DE,3.5
2019-01-01,2019,1,january,DE,3.5
2019-02-01,2019,2,february,DE,3.5
2019-03-01,2019,3,march,DE,3.6
2019-04-01,2019,4,april,DE,3.6
2019-05-01,2019,5,may,DE,3.7
2019-06-01,2019,6,june,DE,3.7
2019-07-01,2019,7,july,DE,3.8
2019-08-01,2019,8,august,DE,3.9
2019-09-01,2019,9,september,DE,3.9
2019-10-01,2019,10,october,DE,4.0
2019-11-01,2019,11,november,DE,4.0
2019-12-01,2019,12,december,DE,4.0
2020-01-01,2020,1,january,DE,4.0
2020-02-01,2020,2,february,DE,3.9
2020-03-01,2020,3,march,DE,5.0
2020-04-01,2020,4,april,DE,14.9
2020-05-01,2020,5,may,DE,15.9
2020-06-01,2020,6,june,DE,12.6
2020-07-01,2020,7,july,DE,10.5
2020-08-01,2020,8,august,DE,8.9
2020-09-01,2020,9,september,DE,8.3
2020-10-01,2020,10,october,DE,5.6
2016-01-01,2016,1,january,DC,6.4
2016-02-01,2016,2,february,DC,6.3
2016-03-01,2016,3,march,DC,6.2
2016-04-01,2016,4,april,DC,6.1
2016-05-01,2016,5,may,DC,6.1
2016-06-01,2016,6,june,DC,6.1
2016-07-01,2016,7,july,DC,6.1
2016-08-01,2016,8,august,DC,6.0
2016-09-01,2016,9,september,DC,6.0
2016-10-01,2016,10,october,DC,6.0
2016-11-01,2016,11,november,DC,6.0
2016-12-01,2016,12,december,DC,6.0
2017-01-01,2017,1,january,DC,6.0
2017-02-01,2017,2,february,DC,6.1
2017-03-01,2017,3,march,DC,6.1
2017-04-01,2017,4,april,DC,6.1
2017-05-01,2017,5,may,DC,6.2
2017-06-01,2017,6,june,DC,6.2
2017-07-01,2017,7,july,DC,6.2
2017-08-01,2017,8,august,DC,6.1
2017-09-01,2017,9,september,DC,6.1
2017-10-01,2017,10,october,DC,6.0
2017-11-01,2017,11,november,DC,5.9
2017-12-01,2017,12,december,DC,5.8
2018-01-01,2018,1,january,DC,5.8
2018-02-01,2018,2,february,DC,5.8
2018-03-01,2018,3,march,DC,5.8
2018-04-01,2018,4,april,DC,5.8
2018-05-01,2018,5,may,DC,5.7
2018-06-01,2018,6,june,DC,5.7
2018-07-01,2018,7,july,DC,5.7
2018-08-01,2018,8,august,DC,5.6
2018-09-01,2018,9,september,DC,5.6
2018-10-01,2018,10,october,DC,5.6
2018-11-01,2018,11,november,DC,5.7
2018-12-01,2018,12,december,DC,5.7
2019-01-01,2019,1,january,DC,5.8
2019-02-01,2019,2,february,DC,5.8
2019-03-01,2019,3,march,DC,5.7
2019-04-01,2019,4,april,DC,5.6
2019-05-01,2019,5,may,DC,5.5
2019-06-01,2019,6,june,DC,5.4
2019-07-01,2019,7,july,DC,5.4
2019-08-01,2019,8,august,DC,5.3
2019-09-01,2019,9,september,DC,5.3
2019-10-01,2019,10,october,DC,5.3
2019-11-01,2019,11,november,DC,5.3
2019-12-01,2019,12,december,DC,5.3
2020-01-01,2020,1,january,DC,5.2
2020-02-01,2020,2,february,DC,5.1
2020-03-01,2020,3,march,DC,6.0
2020-04-01,2020,4,april,DC,11.7
2020-05-01,2020,5,may,DC,8.8
2020-06-01,2020,6,june,DC,8.7
2020-07-01,2020,7,july,DC,8.5
2020-08-01,2020,8,august,DC,8.6
2020-09-01,2020,9,september,DC,9.0
2020-10-01,2020,10,october,DC,8.2
2016-01-01,2016,1,january,FL,5.0
2016-02-01,2016,2,february,FL,4.9
2016-03-01,2016,3,march,FL,4.9
2016-04-01,2016,4,april,FL,4.8
2016-05-01,2016,5,may,FL,4.8
2016-06-01,2016,6,june,FL,4.8
2016-07-01,2016,7,july,FL,4.8
2016-08-01,2016,8,august,FL,4.8
2016-09-01,2016,9,september,FL,4.8
2016-10-01,2016,10,october,FL,4.8
2016-11-01,2016,11,november,FL,4.7
2016-12-01,2016,12,december,FL,4.7
2017-01-01,2017,1,january,FL,4.6
2017-02-01,2017,2,february,FL,4.5
2017-03-01,2017,3,march,FL,4.4
2017-04-01,2017,4,april,FL,4.3
2017-05-01,2017,5,may,FL,4.3
2017-06-01,2017,6,june,FL,4.2
2017-07-01,2017,7,july,FL,4.2
2017-08-01,2017,8,august,FL,4.1
2017-09-01,2017,9,september,FL,4.1
2017-10-01,2017,10,october,FL,4.0
2017-11-01,2017,11,november,FL,4.0
2017-12-01,2017,12,december,FL,4.0
2018-01-01,2018,1,january,FL,3.9
2018-02-01,2018,2,february,FL,3.9
2018-03-01,2018,3,march,FL,3.8
2018-04-01,2018,4,april,FL,3.7
2018-05-01,2018,5,may,FL,3.7
2018-06-01,2018,6,june,FL,3.6
2018-07-01,2018,7,july,FL,3.5
2018-08-01,2018,8,august,FL,3.4
2018-09-01,2018,9,september,FL,3.4
2018-10-01,2018,10,october,FL,3.4
2018-11-01,2018,11,november,FL,3.4
2018-12-01,2018,12,december,FL,3.4
2019-01-01,2019,1,january,FL,3.4
2019-02-01,2019,2,february,FL,3.4
2019-03-01,2019,3,march,FL,3.4
2019-04-01,2019,4,april,FL,3.3
2019-05-01,2019,5,may,FL,3.2
2019-06-01,2019,6,june,FL,3.2
2019-07-01,2019,7,july,FL,3.1
2019-08-01,2019,8,august,FL,3.0
2019-09-01,2019,9,september,FL,2.9
2019-10-01,2019,10,october,FL,2.9
2019-11-01,2019,11,november,FL,2.8
2019-12-01,2019,12,december,FL,2.9
2020-01-01,2020,1,january,FL,2.8
2020-02-01,2020,2,february,FL,2.8
2020-03-01,2020,3,march,FL,4.4
2020-04-01,2020,4,april,FL,13.8
2020-05-01,2020,5,may,FL,13.7
2020-06-01,2020,6,june,FL,10.3
2020-07-01,2020,7,july,FL,11.4
2020-08-01,2020,8,august,FL,7.3
2020-09-01,2020,9,september,FL,7.2
2020-10-01,2020,10,october,FL,6.5
2016-01-01,2016,1,january,GA,5.5
2016-02-01,2016,2,february,GA,5.5
2016-03-01,2016,3,march,GA,5.4
2016-04-01,2016,4,april,GA,5.4
2016-05-01,2016,5,may,GA,5.3
2016-06-01,2016,6,june,GA,5.3
2016-07-01,2016,7,july,GA,5.3
2016-08-01,2016,8,august,GA,5.4
2016-09-01,2016,9,september,GA,5.4
2016-10-01,2016,10,october,GA,5.4
2016-11-01,2016,11,november,GA,5.4
2016-12-01,2016,12,december,GA,5.3
2017-01-01,2017,1,january,GA,5.2
2017-02-01,2017,2,february,GA,5.1
2017-03-01,2017,3,march,GA,5.0
2017-04-01,2017,4,april,GA,4.9
2017-05-01,2017,5,may,GA,4.8
2017-06-01,2017,6,june,GA,4.7
2017-07-01,2017,7,july,GA,4.6
2017-08-01,2017,8,august,GA,4.5
2017-09-01,2017,9,september,GA,4.5
2017-10-01,2017,10,october,GA,4.4
2017-11-01,2017,11,november,GA,4.3
2017-12-01,2017,12,december,GA,4.3
2018-01-01,2018,1,january,GA,4.2
2018-02-01,2018,2,february,GA,4.2
2018-03-01,2018,3,march,GA,4.1
2018-04-01,2018,4,april,GA,4.1
2018-05-01,2018,5,may,GA,4.0
2018-06-01,2018,6,june,GA,3.9
2018-07-01,2018,7,july,GA,3.9
2018-08-01,2018,8,august,GA,3.8
2018-09-01,2018,9,september,GA,3.8
2018-10-01,2018,10,october,GA,3.8
2018-11-01,2018,11,november,GA,3.8
2018-12-01,2018,12,december,GA,3.8
2019-01-01,2019,1,january,GA,3.8
2019-02-01,2019,2,february,GA,3.7
2019-03-01,2019,3,march,GA,3.7
2019-04-01,2019,4,april,GA,3.6
2019-05-01,2019,5,may,GA,3.6
2019-06-01,2019,6,june,GA,3.5
2019-07-01,2019,7,july,GA,3.4
2019-08-01,2019,8,august,GA,3.3
2019-09-01,2019,9,september,GA,3.2
2019-10-01,2019,10,october,GA,3.2
2019-11-01,2019,11,november,GA,3.1
2019-12-01,2019,12,december,GA,3.1
2020-01-01,2020,1,january,GA,3.1
2020-02-01,2020,2,february,GA,3.1
2020-03-01,2020,3,march,GA,4.6
2020-04-01,2020,4,april,GA,12.6
2020-05-01,2020,5,may,GA,9.4
2020-06-01,2020,6,june,GA,7.6
2020-07-01,2020,7,july,GA,7.6
2020-08-01,2020,8,august,GA,5.7
2020-09-01,2020,9,september,GA,6.3
2020-10-01,2020,10,october,GA,4.5
2016-01-01,2016,1,january,HI,3.1
2016-02-01,2016,2,february,HI,3.0
2016-03-01,2016,3,march,HI,3.0
2016-04-01,2016,4,april,HI,3.0
2016-05-01,2016,5,may,HI,3.0
2016-06-01,2016,6,june,HI,3.0
2016-07-01,2016,7,july,HI,3.0
2016-08-01,2016,8,august,HI,2.9
2016-09-01,2016,9,september,HI,2.9
2016-10-01,2016,10,october,HI,2.9
2016-11-01,2016,11,november,HI,2.8
2016-12-01,2016,12,december,HI,2.8
2017-01-01,2017,1,january,HI,2.7
2017-02-01,2017,2,february,HI,2.7
2017-03-01,2017,3,march,HI,2.6
2017-04-01,2017,4,april,HI,2.6
2017-05-01,2017,5,may,HI,2.5
2017-06-01,2017,6,june,HI,2.4
2017-07-01,2017,7,july,HI,2.4
2017-08-01,2017,8,august,HI,2.3
2017-09-01,2017,9,september,HI,2.3
2017-10-01,2017,10,october,HI,2.2
2017-11-01,2017,11,november,HI,2.2
2017-12-01,2017,12,december,HI,2.3
2018-01-01,2018,1,january,HI,2.3
2018-02-01,2018,2,february,HI,2.3
2018-03-01,2018,3,march,HI,2.3
2018-04-01,2018,4,april,HI,2.3
2018-05-01,2018,5,may,HI,2.4
2018-06-01,2018,6,june,HI,2.5
2018-07-01,2018,7,july,HI,2.5
2018-08-01,2018,8,august,HI,2.6
2018-09-01,2018,9,september,HI,2.7
2018-10-01,2018,10,october,HI,2.7
2018-11-01,2018,11,november,HI,2.8
2018-12-01,2018,12,december,HI,2.8
2019-01-01,2019,1,january,HI,2.8
2019-02-01,2019,2,february,HI,2.8
2019-03-01,2019,3,march,HI,2.8
2019-04-01,2019,4,april,HI,2.7
2019-05-01,2019,5,may,HI,2.7
2019-06-01,2019,6,june,HI,2.7
2019-07-01,2019,7,july,HI,2.7
2019-08-01,2019,8,august,HI,2.7
2019-09-01,2019,9,september,HI,2.7
2019-10-01,2019,10,october,HI,2.7
2019-11-01,2019,11,november,HI,2.6
2019-12-01,2019,12,december,HI,2.7
2020-01-01,2020,1,january,HI,2.7
2020-02-01,2020,2,february,HI,2.7
2020-03-01,2020,3,march,HI,2.4
2020-04-01,2020,4,april,HI,23.8
2020-05-01,2020,5,may,HI,23.5
2020-06-01,2020,6,june,HI,13.4
2020-07-01,2020,7,july,HI,13.5
2020-08-01,2020,8,august,HI,13.0
2020-09-01,2020,9,september,HI,15.0
2020-10-01,2020,10,october,HI,14.3
2016-01-01,2016,1,january,ID,4.0
2016-02-01,2016,2,february,ID,3.9
2016-03-01,2016,3,march,ID,3.9
2016-04-01,2016,4,april,ID,3.9
2016-05-01,2016,5,may,ID,3.8
2016-06-01,2016,6,june,ID,3.8
2016-07-01,2016,7,july,ID,3.8
2016-08-01,2016,8,august,ID,3.8
2016-09-01,2016,9,september,ID,3.7
2016-10-01,2016,10,october,ID,3.7
2016-11-01,2016,11,november,ID,3.6
2016-12-01,2016,12,december,ID,3.5
2017-01-01,2017,1,january,ID,3.5
2017-02-01,2017,2,february,ID,3.4
2017-03-01,2017,3,march,ID,3.3
2017-04-01,2017,4,april,ID,3.3
2017-05-01,2017,5,may,ID,3.2
2017-06-01,2017,6,june,ID,3.2
2017-07-01,2017,7,july,ID,3.2
2017-08-01,2017,8,august,ID,3.1
2017-09-01,2017,9,september,ID,3.1
2017-10-01,2017,10,october,ID,3.1
2017-11-01,2017,11,november,ID,3.1
2017-12-01,2017,12,december,ID,3.0
2018-01-01,2018,1,january,ID,3.0
2018-02-01,2018,2,february,ID,3.0
2018-03-01,2018,3,march,ID,3.0
2018-04-01,2018,4,april,ID,2.9
2018-05-01,2018,5,may,ID,2.9
2018-06-01,2018,6,june,ID,2.9
2018-07-01,2018,7,july,ID,2.9
2018-08-01,2018,8,august,ID,2.8
2018-09-01,2018,9,september,ID,2.8
2018-10-01,2018,10,october,ID,2.9
2018-11-01,2018,11,november,ID,2.9
2018-12-01,2018,12,december,ID,2.9
2019-01-01,2019,1,january,ID,2.9
2019-02-01,2019,2,february,ID,2.9
2019-03-01,2019,3,march,ID,2.9
2019-04-01,2019,4,april,ID,2.9
2019-05-01,2019,5,may,ID,2.9
2019-06-01,2019,6,june,ID,2.9
2019-07-01,2019,7,july,ID,2.9
2019-08-01,2019,8,august,ID,2.9
2019-09-01,2019,9,september,ID,2.9
2019-10-01,2019,10,october,ID,2.9
2019-11-01,2019,11,november,ID,2.9
2019-12-01,2019,12,december,ID,2.9
2020-01-01,2020,1,january,ID,2.8
2020-02-01,2020,2,february,ID,2.7
2020-03-01,2020,3,march,ID,2.5
2020-04-01,2020,4,april,ID,11.8
2020-05-01,2020,5,may,ID,9.0
2020-06-01,2020,6,june,ID,5.8
2020-07-01,2020,7,july,ID,5.1
2020-08-01,2020,8,august,ID,4.2
2020-09-01,2020,9,september,ID,6.1
2020-10-01,2020,10,october,ID,5.5
2016-01-01,2016,1,january,IL,6.1
2016-02-01,2016,2,february,IL,6.1
2016-03-01,2016,3,march,IL,6.1
2016-04-01,2016,4,april,IL,6.0
2016-05-01,2016,5,may,IL,5.9
2016-06-01,2016,6,june,IL,5.9
2016-07-01,2016,7,july,IL,5.8
2016-08-01,2016,8,august,IL,5.7
2016-09-01,2016,9,september,IL,5.7
2016-10-01,2016,10,october,IL,5.6
2016-11-01,2016,11,november,IL,5.5
2016-12-01,2016,12,december,IL,5.4
2017-01-01,2017,1,january,IL,5.3
2017-02-01,2017,2,february,IL,5.1
2017-03-01,2017,3,march,IL,5.0
2017-04-01,2017,4,april,IL,5.0
2017-05-01,2017,5,may,IL,4.9
2017-06-01,2017,6,june,IL,4.9
2017-07-01,2017,7,july,IL,5.0
2017-08-01,2017,8,august,IL,4.9
2017-09-01,2017,9,september,IL,4.9
2017-10-01,2017,10,october,IL,4.8
2017-11-01,2017,11,november,IL,4.7
2017-12-01,2017,12,december,IL,4.6
2018-01-01,2018,1,january,IL,4.5
2018-02-01,2018,2,february,IL,4.4
2018-03-01,2018,3,march,IL,4.4
2018-04-01,2018,4,april,IL,4.3
2018-05-01,2018,5,may,IL,4.3
2018-06-01,2018,6,june,IL,4.3
2018-07-01,2018,7,july,IL,4.3
2018-08-01,2018,8,august,IL,4.3
2018-09-01,2018,9,september,IL,4.2
2018-10-01,2018,10,october,IL,4.3
2018-11-01,2018,11,november,IL,4.3
2018-12-01,2018,12,december,IL,4.4
2019-01-01,2019,1,january,IL,4.4
2019-02-01,2019,2,february,IL,4.3
2019-03-01,2019,3,march,IL,4.3
2019-04-01,2019,4,april,IL,4.2
2019-05-01,2019,5,may,IL,4.1
2019-06-01,2019,6,june,IL,4.0
2019-07-01,2019,7,july,IL,3.9
2019-08-01,2019,8,august,IL,3.8
2019-09-01,2019,9,september,IL,3.7
2019-10-01,2019,10,october,IL,3.7
2019-11-01,2019,11,november,IL,3.7
2019-12-01,2019,12,december,IL,3.7
2020-01-01,2020,1,january,IL,3.5
2020-02-01,2020,2,february,IL,3.4
2020-03-01,2020,3,march,IL,4.2
2020-04-01,2020,4,april,IL,17.2
2020-05-01,2020,5,may,IL,15.3
2020-06-01,2020,6,june,IL,14.5
2020-07-01,2020,7,july,IL,11.5
2020-08-01,2020,8,august,IL,11.0
2020-09-01,2020,9,september,IL,10.4
2020-10-01,2020,10,october,IL,6.8
2016-01-01,2016,1,january,IN,4.7
2016-02-01,2016,2,february,IN,4.7
2016-03-01,2016,3,march,IN,4.7
2016-04-01,2016,4,april,IN,4.7
2016-05-01,2016,5,may,IN,4.6
2016-06-01,2016,6,june,IN,4.5
2016-07-01,2016,7,july,IN,4.4
2016-08-01,2016,8,august,IN,4.3
2016-09-01,2016,9,september,IN,4.3
2016-10-01,2016,10,october,IN,4.2
2016-11-01,2016,11,november,IN,4.1
2016-12-01,2016,12,december,IN,4.0
2017-01-01,2017,1,january,IN,3.9
2017-02-01,2017,2,february,IN,3.7
2017-03-01,2017,3,march,IN,3.6
2017-04-01,2017,4,april,IN,3.5
2017-05-01,2017,5,may,IN,3.5
2017-06-01,2017,6,june,IN,3.5
2017-07-01,2017,7,july,IN,3.6
2017-08-01,2017,8,august,IN,3.6
2017-09-01,2017,9,september,IN,3.6
2017-10-01,2017,10,october,IN,3.5
2017-11-01,2017,11,november,IN,3.4
2017-12-01,2017,12,december,IN,3.3
2018-01-01,2018,1,january,IN,3.3
2018-02-01,2018,2,february,IN,3.3
2018-03-01,2018,3,march,IN,3.4
2018-04-01,2018,4,april,IN,3.5
2018-05-01,2018,5,may,IN,3.5
2018-06-01,2018,6,june,IN,3.5
2018-07-01,2018,7,july,IN,3.5
2018-08-01,2018,8,august,IN,3.5
2018-09-01,2018,9,september,IN,3.5
2018-10-01,2018,10,october,IN,3.5
2018-11-01,2018,11,november,IN,3.6
2018-12-01,2018,12,december,IN,3.6
2019-01-01,2019,1,january,IN,3.6
2019-02-01,2019,2,february,IN,3.5
2019-03-01,2019,3,march,IN,3.5
2019-04-01,2019,4,april,IN,3.4
2019-05-01,2019,5,may,IN,3.3
2019-06-01,2019,6,june,IN,3.3
2019-07-01,2019,7,july,IN,3.2
2019-08-01,2019,8,august,IN,3.2
2019-09-01,2019,9,september,IN,3.2
2019-10-01,2019,10,october,IN,3.2
2019-11-01,2019,11,november,IN,3.2
2019-12-01,2019,12,december,IN,3.2
2020-01-01,2020,1,january,IN,3.1
2020-02-01,2020,2,february,IN,3.1
2020-03-01,2020,3,march,IN,3.0
2020-04-01,2020,4,april,IN,17.5
2020-05-01,2020,5,may,IN,12.3
2020-06-01,2020,6,june,IN,11.1
2020-07-01,2020,7,july,IN,7.9
2020-08-01,2020,8,august,IN,6.4
2020-09-01,2020,9,september,IN,6.3
2020-10-01,2020,10,october,IN,5.0
2016-01-01,2016,1,january,IA,3.7
2016-02-01,2016,2,february,IA,3.6
2016-03-01,2016,3,march,IA,3.6
2016-04-01,2016,4,april,IA,3.6
2016-05-01,2016,5,may,IA,3.7
2016-06-01,2016,6,june,IA,3.7
2016-07-01,2016,7,july,IA,3.7
2016-08-01,2016,8,august,IA,3.7
2016-09-01,2016,9,september,IA,3.6
2016-10-01,2016,10,october,IA,3.6
2016-11-01,2016,11,november,IA,3.5
2016-12-01,2016,12,december,IA,3.5
2017-01-01,2017,1,january,IA,3.4
2017-02-01,2017,2,february,IA,3.3
2017-03-01,2017,3,march,IA,3.3
2017-04-01,2017,4,april,IA,3.2
2017-05-01,2017,5,may,IA,3.2
2017-06-01,2017,6,june,IA,3.2
2017-07-01,2017,7,july,IA,3.1
2017-08-01,2017,8,august,IA,3.1
2017-09-01,2017,9,september,IA,3.0
2017-10-01,2017,10,october,IA,2.9
2017-11-01,2017,11,november,IA,2.9
2017-12-01,2017,12,december,IA,2.8
2018-01-01,2018,1,january,IA,2.8
2018-02-01,2018,2,february,IA,2.8
2018-03-01,2018,3,march,IA,2.7
2018-04-01,2018,4,april,IA,2.7
2018-05-01,2018,5,may,IA,2.6
2018-06-01,2018,6,june,IA,2.6
2018-07-01,2018,7,july,IA,2.5
2018-08-01,2018,8,august,IA,2.5
2018-09-01,2018,9,september,IA,2.5
2018-10-01,2018,10,october,IA,2.5
2018-11-01,2018,11,november,IA,2.6
2018-12-01,2018,12,december,IA,2.6
2019-01-01,2019,1,january,IA,2.7
2019-02-01,2019,2,february,IA,2.7
2019-03-01,2019,3,march,IA,2.7
2019-04-01,2019,4,april,IA,2.7
2019-05-01,2019,5,may,IA,2.7
2019-06-01,2019,6,june,IA,2.7
2019-07-01,2019,7,july,IA,2.7
2019-08-01,2019,8,august,IA,2.8
2019-09-01,2019,9,september,IA,2.8
2019-10-01,2019,10,october,IA,2.8
2019-11-01,2019,11,november,IA,2.8
2019-12-01,2019,12,december,IA,2.8
2020-01-01,2020,1,january,IA,2.8
2020-02-01,2020,2,february,IA,2.8
2020-03-01,2020,3,march,IA,3.3
2020-04-01,2020,4,april,IA,11.0
2020-05-01,2020,5,may,IA,10.2
2020-06-01,2020,6,june,IA,8.4
2020-07-01,2020,7,july,IA,6.8
2020-08-01,2020,8,august,IA,6.3
2020-09-01,2020,9,september,IA,4.8
2020-10-01,2020,10,october,IA,3.6
2016-01-01,2016,1,january,KS,3.9
2016-02-01,2016,2,february,KS,3.9
2016-03-01,2016,3,march,KS,4.0
2016-04-01,2016,4,april,KS,4.0
2016-05-01,2016,5,may,KS,4.0
2016-06-01,2016,6,june,KS,4.1
2016-07-01,2016,7,july,KS,4.1
2016-08-01,2016,8,august,KS,4.1
2016-09-01,2016,9,september,KS,4.1
2016-10-01,2016,10,october,KS,4.1
2016-11-01,2016,11,november,KS,4.0
2016-12-01,2016,12,december,KS,4.0
2017-01-01,2017,1,january,KS,3.9
2017-02-01,2017,2,february,KS,3.8
2017-03-01,2017,3,march,KS,3.7
2017-04-01,2017,4,april,KS,3.7
2017-05-01,2017,5,may,KS,3.7
2017-06-01,2017,6,june,KS,3.7
2017-07-01,2017,7,july,KS,3.6
2017-08-01,2017,8,august,KS,3.6
2017-09-01,2017,9,september,KS,3.6
2017-10-01,2017,10,october,KS,3.5
2017-11-01,2017,11,november,KS,3.5
2017-12-01,2017,12,december,KS,3.5
2018-01-01,2018,1,january,KS,3.4
2018-02-01,2018,2,february,KS,3.4
2018-03-01,2018,3,march,KS,3.4
2018-04-01,2018,4,april,KS,3.3
2018-05-01,2018,5,may,KS,3.3
2018-06-01,2018,6,june,KS,3.3
2018-07-01,2018,7,july,KS,3.2
2018-08-01,2018,8,august,KS,3.2
2018-09-01,2018,9,september,KS,3.2
2018-10-01,2018,10,october,KS,3.2
2018-11-01,2018,11,november,KS,3.3
2018-12-01,2018,12,december,KS,3.3
2019-01-01,2019,1,january,KS,3.3
2019-02-01,2019,2,february,KS,3.3
2019-03-01,2019,3,march,KS,3.2
2019-04-01,2019,4,april,KS,3.2
2019-05-01,2019,5,may,KS,3.1
2019-06-01,2019,6,june,KS,3.1
2019-07-01,2019,7,july,KS,3.1
2019-08-01,2019,8,august,KS,3.1
2019-09-01,2019,9,september,KS,3.1
2019-10-01,2019,10,october,KS,3.1
2019-11-01,2019,11,november,KS,3.1
2019-12-01,2019,12,december,KS,3.1
2020-01-01,2020,1,january,KS,3.1
2020-02-01,2020,2,february,KS,3.1
2020-03-01,2020,3,march,KS,2.8
2020-04-01,2020,4,april,KS,11.9
2020-05-01,2020,5,may,KS,10.0
2020-06-01,2020,6,june,KS,7.5
2020-07-01,2020,7,july,KS,7.2
2020-08-01,2020,8,august,KS,6.9
2020-09-01,2020,9,september,KS,5.9
2020-10-01,2020,10,october,KS,5.3
2016-01-01,2016,1,january,KY,5.3
2016-02-01,2016,2,february,KY,5.2
2016-03-01,2016,3,march,KY,5.2
2016-04-01,2016,4,april,KY,5.1
2016-05-01,2016,5,may,KY,5.0
2016-06-01,2016,6,june,KY,5.0
2016-07-01,2016,7,july,KY,5.0
2016-08-01,2016,8,august,KY,5.1
2016-09-01,2016,9,september,KY,5.1
2016-10-01,2016,10,october,KY,5.1
2016-11-01,2016,11,november,KY,5.2
2016-12-01,2016,12,december,KY,5.2
2017-01-01,2017,1,january,KY,5.2
2017-02-01,2017,2,february,KY,5.2
2017-03-01,2017,3,march,KY,5.2
2017-04-01,2017,4,april,KY,5.1
2017-05-01,2017,5,may,KY,5.1
2017-06-01,2017,6,june,KY,5.0
2017-07-01,2017,7,july,KY,4.9
2017-08-01,2017,8,august,KY,4.8
2017-09-01,2017,9,september,KY,4.7
2017-10-01,2017,10,october,KY,4.6
2017-11-01,2017,11,november,KY,4.5
2017-12-01,2017,12,december,KY,4.4
2018-01-01,2018,1,january,KY,4.3
2018-02-01,2018,2,february,KY,4.3
2018-03-01,2018,3,march,KY,4.3
2018-04-01,2018,4,april,KY,4.3
2018-05-01,2018,5,may,KY,4.4
2018-06-01,2018,6,june,KY,4.4
2018-07-01,2018,7,july,KY,4.4
2018-08-01,2018,8,august,KY,4.4
2018-09-01,2018,9,september,KY,4.3
2018-10-01,2018,10,october,KY,4.3
2018-11-01,2018,11,november,KY,4.3
2018-12-01,2018,12,december,KY,4.3
2019-01-01,2019,1,january,KY,4.2
2019-02-01,2019,2,february,KY,4.2
2019-03-01,2019,3,march,KY,4.2
2019-04-01,2019,4,april,KY,4.3
2019-05-01,2019,5,may,KY,4.3
2019-06-01,2019,6,june,KY,4.3
2019-07-01,2019,7,july,KY,4.3
2019-08-01,2019,8,august,KY,4.3
2019-09-01,2019,9,september,KY,4.3
2019-10-01,2019,10,october,KY,4.3
2019-11-01,2019,11,november,KY,4.3
2019-12-01,2019,12,december,KY,4.3
2020-01-01,2020,1,january,KY,4.3
2020-02-01,2020,2,february,KY,4.2
2020-03-01,2020,3,march,KY,5.2
2020-04-01,2020,4,april,KY,16.6
2020-05-01,2020,5,may,KY,10.9
2020-06-01,2020,6,june,KY,4.4
2020-07-01,2020,7,july,KY,4.5
2020-08-01,2020,8,august,KY,7.5
2020-09-01,2020,9,september,KY,5.6
2020-10-01,2020,10,october,KY,7.4
2016-01-01,2016,1,january,LA,6.1
2016-02-01,2016,2,february,LA,6.1
2016-03-01,2016,3,march,LA,6.1
2016-04-01,2016,4,april,LA,6.1
2016-05-01,2016,5,may,LA,6.1
2016-06-01,2016,6,june,LA,6.1
2016-07-01,2016,7,july,LA,6.1
2016-08-01,2016,8,august,LA,6.1
2016-09-01,2016,9,september,LA,6.1
2016-10-01,2016,10,october,LA,6.0
2016-11-01,2016,11,november,LA,6.0
2016-12-01,2016,12,december,LA,5.9
2017-01-01,2017,1,january,LA,5.8
2017-02-01,2017,2,february,LA,5.7
2017-03-01,2017,3,march,LA,5.5
2017-04-01,2017,4,april,LA,5.4
2017-05-01,2017,5,may,LA,5.3
2017-06-01,2017,6,june,LA,5.1
2017-07-01,2017,7,july,LA,5.0
2017-08-01,2017,8,august,LA,4.9
2017-09-01,2017,9,september,LA,4.8
2017-10-01,2017,10,october,LA,4.7
2017-11-01,2017,11,november,LA,4.6
2017-12-01,2017,12,december,LA,4.6
2018-01-01,2018,1,january,LA,4.7
2018-02-01,2018,2,february,LA,4.8
2018-03-01,2018,3,march,LA,4.9
2018-04-01,2018,4,april,LA,5.0
2018-05-01,2018,5,may,LA,5.0
2018-06-01,2018,6,june,LA,5.0
2018-07-01,2018,7,july,LA,5.0
2018-08-01,2018,8,august,LA,4.9
2018-09-01,2018,9,september,LA,4.9
2018-10-01,2018,10,october,LA,4.8
2018-11-01,2018,11,november,LA,4.8
2018-12-01,2018,12,december,LA,4.7
2019-01-01,2019,1,january,LA,4.7
2019-02-01,2019,2,february,LA,4.6
2019-03-01,2019,3,march,LA,4.5
2019-04-01,2019,4,april,LA,4.5
2019-05-01,2019,5,may,LA,4.5
2019-06-01,2019,6,june,LA,4.6
2019-07-01,2019,7,july,LA,4.7
2019-08-01,2019,8,august,LA,4.9
2019-09-01,2019,9,september,LA,5.1
2019-10-01,2019,10,october,LA,5.2
2019-11-01,2019,11,november,LA,5.2
2019-12-01,2019,12,december,LA,5.2
2020-01-01,2020,1,january,LA,5.3
2020-02-01,2020,2,february,LA,5.2
2020-03-01,2020,3,march,LA,6.7
2020-04-01,2020,4,april,LA,15.1
2020-05-01,2020,5,may,LA,14.2
2020-06-01,2020,6,june,LA,9.5
2020-07-01,2020,7,july,LA,9.4
2020-08-01,2020,8,august,LA,7.7
2020-09-01,2020,9,september,LA,8.0
2020-10-01,2020,10,october,LA,9.4
2016-01-01,2016,1,january,ME,3.9
2016-02-01,2016,2,february,ME,3.9
2016-03-01,2016,3,march,ME,3.9
2016-04-01,2016,4,april,ME,3.8
2016-05-01,2016,5,may,ME,3.8
2016-06-01,2016,6,june,ME,3.8
2016-07-01,2016,7,july,ME,3.8
2016-08-01,2016,8,august,ME,3.7
2016-09-01,2016,9,september,ME,3.7
2016-10-01,2016,10,october,ME,3.7
2016-11-01,2016,11,november,ME,3.6
2016-12-01,2016,12,december,ME,3.6
2017-01-01,2017,1,january,ME,3.6
2017-02-01,2017,2,february,ME,3.5
2017-03-01,2017,3,march,ME,3.5
2017-04-01,2017,4,april,ME,3.5
2017-05-01,2017,5,may,ME,3.5
2017-06-01,2017,6,june,ME,3.4
2017-07-01,2017,7,july,ME,3.4
2017-08-01,2017,8,august,ME,3.3
2017-09-01,2017,9,september,ME,3.3
2017-10-01,2017,10,october,ME,3.2
2017-11-01,2017,11,november,ME,3.2
2017-12-01,2017,12,december,ME,3.1
2018-01-01,2018,1,january,ME,3.1
2018-02-01,2018,2,february,ME,3.1
2018-03-01,2018,3,march,ME,3.2
2018-04-01,2018,4,april,ME,3.2
2018-05-01,2018,5,may,ME,3.2
2018-06-01,2018,6,june,ME,3.3
2018-07-01,2018,7,july,ME,3.3
2018-08-01,2018,8,august,ME,3.3
2018-09-01,2018,9,september,ME,3.3
2018-10-01,2018,10,october,ME,3.3
2018-11-01,2018,11,november,ME,3.3
2018-12-01,2018,12,december,ME,3.3
2019-01-01,2019,1,january,ME,3.2
2019-02-01,2019,2,february,ME,3.2
2019-03-01,2019,3,march,ME,3.1
2019-04-01,2019,4,april,ME,3.1
2019-05-01,2019,5,may,ME,3.0
2019-06-01,2019,6,june,ME,2.9
2019-07-01,2019,7,july,ME,2.9
2019-08-01,2019,8,august,ME,2.9
2019-09-01,2019,9,september,ME,2.9
2019-10-01,2019,10,october,ME,3.0
2019-11-01,2019,11,november,ME,3.0
2019-12-01,2019,12,december,ME,3.0
2020-01-01,2020,1,january,ME,3.1
2020-02-01,2020,2,february,ME,3.2
2020-03-01,2020,3,march,ME,3.0
2020-04-01,2020,4,april,ME,10.4
2020-05-01,2020,5,may,ME,9.4
2020-06-01,2020,6,june,ME,6.7
2020-07-01,2020,7,july,ME,9.9
2020-08-01,2020,8,august,ME,7.0
2020-09-01,2020,9,september,ME,6.1
2020-10-01,2020,10,october,ME,5.4
2016-01-01,2016,1,january,MD,4.6
2016-02-01,2016,2,february,MD,4.5
2016-03-01,2016,3,march,MD,4.5
2016-04-01,2016,4,april,MD,4.5
2016-05-01,2016,5,may,MD,4.4
2016-06-01,2016,6,june,MD,4.4
2016-07-01,2016,7,july,MD,4.4
2016-08-01,2016,8,august,MD,4.4
2016-09-01,2016,9,september,MD,4.4
2016-10-01,2016,10,october,MD,4.4
2016-11-01,2016,11,november,MD,4.4
2016-12-01,2016,12,december,MD,4.4
2017-01-01,2017,1,january,MD,4.3
2017-02-01,2017,2,february,MD,4.3
2017-03-01,2017,3,march,MD,4.3
2017-04-01,2017,4,april,MD,4.3
2017-05-01,2017,5,may,MD,4.2
2017-06-01,2017,6,june,MD,4.2
2017-07-01,2017,7,july,MD,4.2
2017-08-01,2017,8,august,MD,4.2
2017-09-01,2017,9,september,MD,4.2
2017-10-01,2017,10,october,MD,4.2
2017-11-01,2017,11,november,MD,4.2
2017-12-01,2017,12,december,MD,4.2
2018-01-01,2018,1,january,MD,4.2
2018-02-01,2018,2,february,MD,4.1
2018-03-01,2018,3,march,MD,4.1
2018-04-01,2018,4,april,MD,4.1
2018-05-01,2018,5,may,MD,4.0
2018-06-01,2018,6,june,MD,4.0
2018-07-01,2018,7,july,MD,3.9
2018-08-01,2018,8,august,MD,3.9
2018-09-01,2018,9,september,MD,3.8
2018-10-01,2018,10,october,MD,3.8
2018-11-01,2018,11,november,MD,3.8
2018-12-01,2018,12,december,MD,3.8
2019-01-01,2019,1,january,MD,3.8
2019-02-01,2019,2,february,MD,3.7
2019-03-01,2019,3,march,MD,3.7
2019-04-01,2019,4,april,MD,3.7
2019-05-01,2019,5,may,MD,3.7
2019-06-01,2019,6,june,MD,3.6
2019-07-01,2019,7,july,MD,3.6
2019-08-01,2019,8,august,MD,3.6
2019-09-01,2019,9,september,MD,3.5
2019-10-01,2019,10,october,MD,3.4
2019-11-01,2019,11,november,MD,3.4
2019-12-01,2019,12,december,MD,3.4
2020-01-01,2020,1,january,MD,3.3
2020-02-01,2020,2,february,MD,3.3
2020-03-01,2020,3,march,MD,3.3
2020-04-01,2020,4,april,MD,10.1
2020-05-01,2020,5,may,MD,10.0
2020-06-01,2020,6,june,MD,8.3
2020-07-01,2020,7,july,MD,7.8
2020-08-01,2020,8,august,MD,7.0
2020-09-01,2020,9,september,MD,7.6
2020-10-01,2020,10,october,MD,7.8
2016-01-01,2016,1,january,MA,4.3
2016-02-01,2016,2,february,MA,4.2
2016-03-01,2016,3,march,MA,4.1
2016-04-01,2016,4,april,MA,4.0
2016-05-01,2016,5,may,MA,3.9
2016-06-01,2016,6,june,MA,3.8
2016-07-01,2016,7,july,MA,3.7
2016-08-01,2016,8,august,MA,3.7
2016-09-01,2016,9,september,MA,3.7
2016-10-01,2016,10,october,MA,3.7
2016-11-01,2016,11,november,MA,3.7
2016-12-01,2016,12,december,MA,3.8
2017-01-01,2017,1,january,MA,3.8
2017-02-01,2017,2,february,MA,3.8
2017-03-01,2017,3,march,MA,3.8
2017-04-01,2017,4,april,MA,3.8
2017-05-01,2017,5,may,MA,3.8
2017-06-01,2017,6,june,MA,3.8
2017-07-01,2017,7,july,MA,3.8
2017-08-01,2017,8,august,MA,3.7
2017-09-01,2017,9,september,MA,3.7
2017-10-01,2017,10,october,MA,3.7
2017-11-01,2017,11,november,MA,3.6
2017-12-01,2017,12,december,MA,3.6
2018-01-01,2018,1,january,MA,3.6
2018-02-01,2018,2,february,MA,3.5
2018-03-01,2018,3,march,MA,3.5
2018-04-01,2018,4,april,MA,3.5
2018-05-01,2018,5,may,MA,3.4
2018-06-01,2018,6,june,MA,3.4
2018-07-01,2018,7,july,MA,3.3
2018-08-01,2018,8,august,MA,3.3
2018-09-01,2018,9,september,MA,3.3
2018-10-01,2018,10,october,MA,3.2
2018-11-01,2018,11,november,MA,3.2
2018-12-01,2018,12,december,MA,3.1
2019-01-01,2019,1,january,MA,3.1
2019-02-01,2019,2,february,MA,3.1
2019-03-01,2019,3,march,MA,3.0
2019-04-01,2019,4,april,MA,3.0
2019-05-01,2019,5,may,MA,2.9
2019-06-01,2019,6,june,MA,2.9
2019-07-01,2019,7,july,MA,2.9
2019-08-01,2019,8,august,MA,2.8
2019-09-01,2019,9,september,MA,2.8
2019-10-01,2019,10,october,MA,2.8
2019-11-01,2019,11,november,MA,2.8
2019-12-01,2019,12,december,MA,2.8
2020-01-01,2020,1,january,MA,2.8
2020-02-01,2020,2,february,MA,2.8
2020-03-01,2020,3,march,MA,2.8
2020-04-01,2020,4,april,MA,16.2
2020-05-01,2020,5,may,MA,16.6
2020-06-01,2020,6,june,MA,17.7
2020-07-01,2020,7,july,MA,16.2
2020-08-01,2020,8,august,MA,11.4
2020-09-01,2020,9,september,MA,9.8
2020-10-01,2020,10,october,MA,7.4
2016-01-01,2016,1,january,MI,4.9
2016-02-01,2016,2,february,MI,4.9
2016-03-01,2016,3,march,MI,4.9
2016-04-01,2016,4,april,MI,4.9
2016-05-01,2016,5,may,MI,5.0
2016-06-01,2016,6,june,MI,5.0
2016-07-01,2016,7,july,MI,5.0
2016-08-01,2016,8,august,MI,5.0
2016-09-01,2016,9,september,MI,5.1
2016-10-01,2016,10,october,MI,5.1
2016-11-01,2016,11,november,MI,5.1
2016-12-01,2016,12,december,MI,5.0
2017-01-01,2017,1,january,MI,4.9
2017-02-01,2017,2,february,MI,4.7
2017-03-01,2017,3,march,MI,4.6
2017-04-01,2017,4,april,MI,4.5
2017-05-01,2017,5,may,MI,4.4
2017-06-01,2017,6,june,MI,4.5
2017-07-01,2017,7,july,MI,4.5
2017-08-01,2017,8,august,MI,4.6
2017-09-01,2017,9,september,MI,4.7
2017-10-01,2017,10,october,MI,4.7
2017-11-01,2017,11,november,MI,4.6
2017-12-01,2017,12,december,MI,4.6
2018-01-01,2018,1,january,MI,4.5
2018-02-01,2018,2,february,MI,4.4
2018-03-01,2018,3,march,MI,4.4
2018-04-01,2018,4,april,MI,4.3
2018-05-01,2018,5,may,MI,4.2
2018-06-01,2018,6,june,MI,4.1
2018-07-01,2018,7,july,MI,4.0
2018-08-01,2018,8,august,MI,3.9
2018-09-01,2018,9,september,MI,3.9
2018-10-01,2018,10,october,MI,4.0
2018-11-01,2018,11,november,MI,4.0
2018-12-01,2018,12,december,MI,4.1
2019-01-01,2019,1,january,MI,4.2
2019-02-01,2019,2,february,MI,4.2
2019-03-01,2019,3,march,MI,4.3
2019-04-01,2019,4,april,MI,4.3
2019-05-01,2019,5,may,MI,4.2
2019-06-01,2019,6,june,MI,4.2
2019-07-01,2019,7,july,MI,4.1
2019-08-01,2019,8,august,MI,4.0
2019-09-01,2019,9,september,MI,3.9
2019-10-01,2019,10,october,MI,3.9
2019-11-01,2019,11,november,MI,3.9
2019-12-01,2019,12,december,MI,3.9
2020-01-01,2020,1,january,MI,3.8
2020-02-01,2020,2,february,MI,3.6
2020-03-01,2020,3,march,MI,4.3
2020-04-01,2020,4,april,MI,24.0
2020-05-01,2020,5,may,MI,21.3
2020-06-01,2020,6,june,MI,14.9
2020-07-01,2020,7,july,MI,8.7
2020-08-01,2020,8,august,MI,8.7
2020-09-01,2020,9,september,MI,8.6
2020-10-01,2020,10,october,MI,5.5
2016-01-01,2016,1,january,MN,3.7
2016-02-01,2016,2,february,MN,3.7
2016-03-01,2016,3,march,MN,3.7
2016-04-01,2016,4,april,MN,3.8
2016-05-01,2016,5,may,MN,3.8
2016-06-01,2016,6,june,MN,3.9
2016-07-01,2016,7,july,MN,3.9
2016-08-01,2016,8,august,MN,4.0
2016-09-01,2016,9,september,MN,4.0
2016-10-01,2016,10,october,MN,4.0
2016-11-01,2016,11,november,MN,4.0
2016-12-01,2016,12,december,MN,3.9
2017-01-01,2017,1,january,MN,3.8
2017-02-01,2017,2,february,MN,3.7
2017-03-01,2017,3,march,MN,3.6
2017-04-01,2017,4,april,MN,3.5
2017-05-01,2017,5,may,MN,3.5
2017-06-01,2017,6,june,MN,3.4
2017-07-01,2017,7,july,MN,3.4
2017-08-01,2017,8,august,MN,3.3
2017-09-01,2017,9,september,MN,3.3
2017-10-01,2017,10,october,MN,3.2
2017-11-01,2017,11,november,MN,3.1
2017-12-01,2017,12,december,MN,3.1
2018-01-01,2018,1,january,MN,3.0
2018-02-01,2018,2,february,MN,3.0
2018-03-01,2018,3,march,MN,3.0
2018-04-01,2018,4,april,MN,3.0
2018-05-01,2018,5,may,MN,2.9
2018-06-01,2018,6,june,MN,2.9
2018-07-01,2018,7,july,MN,2.8
2018-08-01,2018,8,august,MN,2.8
2018-09-01,2018,9,september,MN,2.9
2018-10-01,2018,10,october,MN,2.9
2018-11-01,2018,11,november,MN,3.0
2018-12-01,2018,12,december,MN,3.1
2019-01-01,2019,1,january,MN,3.2
2019-02-01,2019,2,february,MN,3.2
2019-03-01,2019,3,march,MN,3.2
2019-04-01,2019,4,april,MN,3.2
2019-05-01,2019,5,may,MN,3.2
2019-06-01,2019,6,june,MN,3.2
2019-07-01,2019,7,july,MN,3.2
2019-08-01,2019,8,august,MN,3.2
2019-09-01,2019,9,september,MN,3.2
2019-10-01,2019,10,october,MN,3.3
2019-11-01,2019,11,november,MN,3.3
2019-12-01,2019,12,december,MN,3.3
2020-01-01,2020,1,january,MN,3.2
2020-02-01,2020,2,february,MN,3.1
2020-03-01,2020,3,march,MN,2.9
2020-04-01,2020,4,april,MN,8.7
2020-05-01,2020,5,may,MN,9.9
2020-06-01,2020,6,june,MN,8.6
2020-07-01,2020,7,july,MN,7.6
2020-08-01,2020,8,august,MN,7.4
2020-09-01,2020,9,september,MN,5.9
2020-10-01,2020,10,october,MN,4.6
2016-01-01,2016,1,january,MS,6.1
2016-02-01,2016,2,february,MS,6.0
2016-03-01,2016,3,march,MS,6.0
2016-04-01,2016,4,april,MS,5.9
2016-05-01,2016,5,may,MS,5.9
2016-06-01,2016,6,june,MS,5.9
2016-07-01,2016,7,july,MS,5.8
2016-08-01,2016,8,august,MS,5.8
2016-09-01,2016,9,september,MS,5.7
2016-10-01,2016,10,october,MS,5.6
2016-11-01,2016,11,november,MS,5.5
2016-12-01,2016,12,december,MS,5.5
2017-01-01,2017,1,january,MS,5.4
2017-02-01,2017,2,february,MS,5.3
2017-03-01,2017,3,march,MS,5.2
2017-04-01,2017,4,april,MS,5.2
2017-05-01,2017,5,may,MS,5.2
2017-06-01,2017,6,june,MS,5.1
2017-07-01,2017,7,july,MS,5.1
2017-08-01,2017,8,august,MS,5.0
2017-09-01,2017,9,september,MS,5.0
2017-10-01,2017,10,october,MS,4.9
2017-11-01,2017,11,november,MS,4.9
2017-12-01,2017,12,december,MS,4.9
2018-01-01,2018,1,january,MS,4.9
2018-02-01,2018,2,february,MS,4.9
2018-03-01,2018,3,march,MS,4.9
2018-04-01,2018,4,april,MS,4.8
2018-05-01,2018,5,may,MS,4.8
2018-06-01,2018,6,june,MS,4.8
2018-07-01,2018,7,july,MS,4.7
2018-08-01,2018,8,august,MS,4.7
2018-09-01,2018,9,september,MS,4.8
2018-10-01,2018,10,october,MS,4.9
2018-11-01,2018,11,november,MS,5.0
2018-12-01,2018,12,december,MS,5.1
2019-01-01,2019,1,january,MS,5.1
2019-02-01,2019,2,february,MS,5.2
2019-03-01,2019,3,march,MS,5.3
2019-04-01,2019,4,april,MS,5.3
2019-05-01,2019,5,may,MS,5.4
2019-06-01,2019,6,june,MS,5.4
2019-07-01,2019,7,july,MS,5.5
2019-08-01,2019,8,august,MS,5.5
2019-09-01,2019,9,september,MS,5.6
2019-10-01,2019,10,october,MS,5.6
2019-11-01,2019,11,november,MS,5.6
2019-12-01,2019,12,december,MS,5.6
2020-01-01,2020,1,january,MS,5.5
2020-02-01,2020,2,february,MS,5.4
2020-03-01,2020,3,march,MS,5.1
2020-04-01,2020,4,april,MS,16.3
2020-05-01,2020,5,may,MS,10.5
2020-06-01,2020,6,june,MS,8.8
2020-07-01,2020,7,july,MS,9.4
2020-08-01,2020,8,august,MS,7.8
2020-09-01,2020,9,september,MS,7.2
2020-10-01,2020,10,october,MS,7.4
2016-01-01,2016,1,january,MO,4.4
2016-02-01,2016,2,february,MO,4.4
2016-03-01,2016,3,march,MO,4.4
2016-04-01,2016,4,april,MO,4.5
2016-05-01,2016,5,may,MO,4.6
2016-06-01,2016,6,june,MO,4.7
2016-07-01,2016,7,july,MO,4.8
2016-08-01,2016,8,august,MO,4.8
2016-09-01,2016,9,september,MO,4.8
2016-10-01,2016,10,october,MO,4.7
2016-11-01,2016,11,november,MO,4.5
2016-12-01,2016,12,december,MO,4.3
2017-01-01,2017,1,january,MO,4.1
2017-02-01,2017,2,february,MO,4.0
2017-03-01,2017,3,march,MO,3.9
2017-04-01,2017,4,april,MO,3.8
2017-05-01,2017,5,may,MO,3.8
2017-06-01,2017,6,june,MO,3.7
2017-07-01,2017,7,july,MO,3.7
2017-08-01,2017,8,august,MO,3.6
2017-09-01,2017,9,september,MO,3.6
2017-10-01,2017,10,october,MO,3.6
2017-11-01,2017,11,november,MO,3.5
2017-12-01,2017,12,december,MO,3.5
2018-01-01,2018,1,january,MO,3.4
2018-02-01,2018,2,february,MO,3.4
2018-03-01,2018,3,march,MO,3.3
2018-04-01,2018,4,april,MO,3.3
2018-05-01,2018,5,may,MO,3.2
2018-06-01,2018,6,june,MO,3.1
2018-07-01,2018,7,july,MO,3.0
2018-08-01,2018,8,august,MO,3.0
2018-09-01,2018,9,september,MO,3.0
2018-10-01,2018,10,october,MO,3.0
2018-11-01,2018,11,november,MO,3.1
2018-12-01,2018,12,december,MO,3.2
2019-01-01,2019,1,january,MO,3.2
2019-02-01,2019,2,february,MO,3.2
2019-03-01,2019,3,march,MO,3.2
2019-04-01,2019,4,april,MO,3.2
2019-05-01,2019,5,may,MO,3.1
2019-06-01,2019,6,june,MO,3.1
2019-07-01,2019,7,july,MO,3.2
2019-08-01,2019,8,august,MO,3.2
2019-09-01,2019,9,september,MO,3.3
2019-10-01,2019,10,october,MO,3.4
2019-11-01,2019,11,november,MO,3.4
2019-12-01,2019,12,december,MO,3.4
2020-01-01,2020,1,january,MO,3.5
2020-02-01,2020,2,february,MO,3.5
2020-03-01,2020,3,march,MO,3.9
2020-04-01,2020,4,april,MO,10.2
2020-05-01,2020,5,may,MO,10.1
2020-06-01,2020,6,june,MO,7.8
2020-07-01,2020,7,july,MO,6.9
2020-08-01,2020,8,august,MO,7.0
2020-09-01,2020,9,september,MO,4.8
2020-10-01,2020,10,october,MO,4.6
2016-01-01,2016,1,january,MT,4.2
2016-02-01,2016,2,february,MT,4.2
2016-03-01,2016,3,march,MT,4.2
2016-04-01,2016,4,april,MT,4.2
2016-05-01,2016,5,may,MT,4.2
2016-06-01,2016,6,june,MT,4.2
2016-07-01,2016,7,july,MT,4.1
2016-08-01,2016,8,august,MT,4.1
2016-09-01,2016,9,september,MT,4.1
2016-10-01,2016,10,october,MT,4.0
2016-11-01,2016,11,november,MT,4.0
2016-12-01,2016,12,december,MT,4.0
2017-01-01,2017,1,january,MT,4.0
2017-02-01,2017,2,february,MT,4.0
2017-03-01,2017,3,march,MT,4.0
2017-04-01,2017,4,april,MT,4.0
2017-05-01,2017,5,may,MT,4.0
2017-06-01,2017,6,june,MT,4.0
2017-07-01,2017,7,july,MT,4.0
2017-08-01,2017,8,august,MT,4.0
2017-09-01,2017,9,september,MT,3.9
2017-10-01,2017,10,october,MT,3.9
2017-11-01,2017,11,november,MT,3.9
2017-12-01,2017,12,december,MT,3.8
2018-01-01,2018,1,january,MT,3.8
2018-02-01,2018,2,february,MT,3.8
2018-03-01,2018,3,march,MT,3.7
2018-04-01,2018,4,april,MT,3.7
2018-05-01,2018,5,may,MT,3.7
2018-06-01,2018,6,june,MT,3.6
2018-07-01,2018,7,july,MT,3.6
2018-08-01,2018,8,august,MT,3.6
2018-09-01,2018,9,september,MT,3.6
2018-10-01,2018,10,october,MT,3.6
2018-11-01,2018,11,november,MT,3.5
2018-12-01,2018,12,december,MT,3.5
2019-01-01,2019,1,january,MT,3.5
2019-02-01,2019,2,february,MT,3.5
2019-03-01,2019,3,march,MT,3.5
2019-04-01,2019,4,april,MT,3.5
2019-05-01,2019,5,may,MT,3.5
2019-06-01,2019,6,june,MT,3.5
2019-07-01,2019,7,july,MT,3.5
2019-08-01,2019,8,august,MT,3.5
2019-09-01,2019,9,september,MT,3.5
2019-10-01,2019,10,october,MT,3.5
2019-11-01,2019,11,november,MT,3.5
2019-12-01,2019,12,december,MT,3.5
2020-01-01,2020,1,january,MT,3.5
2020-02-01,2020,2,february,MT,3.5
2020-03-01,2020,3,march,MT,3.6
2020-04-01,2020,4,april,MT,11.9
2020-05-01,2020,5,may,MT,9.0
2020-06-01,2020,6,june,MT,7.2
2020-07-01,2020,7,july,MT,6.5
2020-08-01,2020,8,august,MT,5.8
2020-09-01,2020,9,september,MT,5.4
2020-10-01,2020,10,october,MT,4.9
2016-01-01,2016,1,january,NE,3.0
2016-02-01,2016,2,february,NE,3.0
2016-03-01,2016,3,march,NE,3.0
2016-04-01,2016,4,april,NE,3.0
2016-05-01,2016,5,may,NE,3.1
2016-06-01,2016,6,june,NE,3.1
2016-07-01,2016,7,july,NE,3.1
2016-08-01,2016,8,august,NE,3.1
2016-09-01,2016,9,september,NE,3.1
2016-10-01,2016,10,october,NE,3.1
2016-11-01,2016,11,november,NE,3.1
2016-12-01,2016,12,december,NE,3.1
2017-01-01,2017,1,january,NE,3.0
2017-02-01,2017,2,february,NE,3.0
2017-03-01,2017,3,march,NE,2.9
2017-04-01,2017,4,april,NE,2.9
2017-05-01,2017,5,may,NE,2.9
2017-06-01,2017,6,june,NE,2.9
2017-07-01,2017,7,july,NE,2.9
2017-08-01,2017,8,august,NE,2.9
2017-09-01,2017,9,september,NE,2.9
2017-10-01,2017,10,october,NE,2.9
2017-11-01,2017,11,november,NE,2.9
2017-12-01,2017,12,december,NE,2.9
2018-01-01,2018,1,january,NE,2.9
2018-02-01,2018,2,february,NE,2.9
2018-03-01,2018,3,march,NE,2.9
2018-04-01,2018,4,april,NE,2.9
2018-05-01,2018,5,may,NE,2.9
2018-06-01,2018,6,june,NE,2.9
2018-07-01,2018,7,july,NE,2.9
2018-08-01,2018,8,august,NE,2.9
2018-09-01,2018,9,september,NE,2.9
2018-10-01,2018,10,october,NE,2.9
2018-11-01,2018,11,november,NE,3.0
2018-12-01,2018,12,december,NE,3.0
2019-01-01,2019,1,january,NE,3.0
2019-02-01,2019,2,february,NE,3.1
2019-03-01,2019,3,march,NE,3.1
2019-04-01,2019,4,april,NE,3.1
2019-05-01,2019,5,may,NE,3.1
2019-06-01,2019,6,june,NE,3.1
2019-07-01,2019,7,july,NE,3.1
2019-08-01,2019,8,august,NE,3.1
2019-09-01,2019,9,september,NE,3.0
2019-10-01,2019,10,october,NE,3.0
2019-11-01,2019,11,november,NE,3.0
2019-12-01,2019,12,december,NE,3.0
2020-01-01,2020,1,january,NE,2.9
2020-02-01,2020,2,february,NE,2.9
2020-03-01,2020,3,march,NE,4.0
2020-04-01,2020,4,april,NE,8.7
2020-05-01,2020,5,may,NE,5.3
2020-06-01,2020,6,june,NE,5.5
2020-07-01,2020,7,july,NE,4.9
2020-08-01,2020,8,august,NE,4.0
2020-09-01,2020,9,september,NE,3.6
2020-10-01,2020,10,october,NE,3.0
2016-01-01,2016,1,january,NV,6.2
2016-02-01,2016,2,february,NV,6.1
2016-03-01,2016,3,march,NV,6.0
2016-04-01,2016,4,april,NV,5.9
2016-05-01,2016,5,may,NV,5.8
2016-06-01,2016,6,june,NV,5.7
2016-07-01,2016,7,july,NV,5.6
2016-08-01,2016,8,august,NV,5.6
2016-09-01,2016,9,september,NV,5.5
2016-10-01,2016,10,october,NV,5.4
2016-11-01,2016,11,november,NV,5.4
2016-12-01,2016,12,december,NV,5.3
2017-01-01,2017,1,january,NV,5.2
2017-02-01,2017,2,february,NV,5.2
2017-03-01,2017,3,march,NV,5.2
2017-04-01,2017,4,april,NV,5.1
2017-05-01,2017,5,may,NV,5.1
2017-06-01,2017,6,june,NV,5.0
2017-07-01,2017,7,july,NV,5.0
2017-08-01,2017,8,august,NV,4.9
2017-09-01,2017,9,september,NV,4.9
2017-10-01,2017,10,october,NV,4.9
2017-11-01,2017,11,november,NV,4.8
2017-12-01,2017,12,december,NV,4.8
2018-01-01,2018,1,january,NV,4.7
2018-02-01,2018,2,february,NV,4.7
2018-03-01,2018,3,march,NV,4.6
2018-04-01,2018,4,april,NV,4.6
2018-05-01,2018,5,may,NV,4.5
2018-06-01,2018,6,june,NV,4.4
2018-07-01,2018,7,july,NV,4.4
2018-08-01,2018,8,august,NV,4.4
2018-09-01,2018,9,september,NV,4.3
2018-10-01,2018,10,october,NV,4.3
2018-11-01,2018,11,november,NV,4.3
2018-12-01,2018,12,december,NV,4.2
2019-01-01,2019,1,january,NV,4.2
2019-02-01,2019,2,february,NV,4.1
2019-03-01,2019,3,march,NV,4.1
2019-04-01,2019,4,april,NV,4.0
2019-05-01,2019,5,may,NV,4.0
2019-06-01,2019,6,june,NV,3.9
2019-07-01,2019,7,july,NV,3.9
2019-08-01,2019,8,august,NV,3.8
2019-09-01,2019,9,september,NV,3.7
2019-10-01,2019,10,october,NV,3.7
2019-11-01,2019,11,november,NV,3.7
2019-12-01,2019,12,december,NV,3.7
2020-01-01,2020,1,january,NV,3.6
2020-02-01,2020,2,february,NV,3.6
2020-03-01,2020,3,march,NV,6.9
2020-04-01,2020,4,april,NV,30.1
2020-05-01,2020,5,may,NV,25.3
2020-06-01,2020,6,june,NV,15.2
2020-07-01,2020,7,july,NV,14.2
2020-08-01,2020,8,august,NV,13.3
2020-09-01,2020,9,september,NV,12.5
2020-10-01,2020,10,october,NV,12.0
2016-01-01,2016,1,january,NJ,5.0
2016-02-01,2016,2,february,NJ,5.0
2016-03-01,2016,3,march,NJ,5.1
2016-04-01,2016,4,april,NJ,5.1
2016-05-01,2016,5,may,NJ,5.1
2016-06-01,2016,6,june,NJ,5.1
2016-07-01,2016,7,july,NJ,5.1
2016-08-01,2016,8,august,NJ,5.0
2016-09-01,2016,9,september,NJ,4.9
2016-10-01,2016,10,october,NJ,4.9
2016-11-01,2016,11,november,NJ,4.8
2016-12-01,2016,12,december,NJ,4.7
2017-01-01,2017,1,january,NJ,4.6
2017-02-01,2017,2,february,NJ,4.6
2017-03-01,2017,3,march,NJ,4.5
2017-04-01,2017,4,april,NJ,4.5
2017-05-01,2017,5,may,NJ,4.6
2017-06-01,2017,6,june,NJ,4.6
2017-07-01,2017,7,july,NJ,4.7
2017-08-01,2017,8,august,NJ,4.7
2017-09-01,2017,9,september,NJ,4.7
2017-10-01,2017,10,october,NJ,4.7
2017-11-01,2017,11,november,NJ,4.7
2017-12-01,2017,12,december,NJ,4.6
2018-01-01,2018,1,january,NJ,4.5
2018-02-01,2018,2,february,NJ,4.5
2018-03-01,2018,3,march,NJ,4.4
2018-04-01,2018,4,april,NJ,4.3
2018-05-01,2018,5,may,NJ,4.2
2018-06-01,2018,6,june,NJ,4.1
2018-07-01,2018,7,july,NJ,4.0
2018-08-01,2018,8,august,NJ,3.9
2018-09-01,2018,9,september,NJ,3.8
2018-10-01,2018,10,october,NJ,3.8
2018-11-01,2018,11,november,NJ,3.8
2018-12-01,2018,12,december,NJ,3.8
2019-01-01,2019,1,january,NJ,3.7
2019-02-01,2019,2,february,NJ,3.6
2019-03-01,2019,3,march,NJ,3.5
2019-04-01,2019,4,april,NJ,3.4
2019-05-01,2019,5,may,NJ,3.3
2019-06-01,2019,6,june,NJ,3.3
2019-07-01,2019,7,july,NJ,3.3
2019-08-01,2019,8,august,NJ,3.5
2019-09-01,2019,9,september,NJ,3.6
2019-10-01,2019,10,october,NJ,3.7
2019-11-01,2019,11,november,NJ,3.7
2019-12-01,2019,12,december,NJ,3.7
2020-01-01,2020,1,january,NJ,3.8
2020-02-01,2020,2,february,NJ,3.8
2020-03-01,2020,3,march,NJ,3.7
2020-04-01,2020,4,april,NJ,16.3
2020-05-01,2020,5,may,NJ,15.4
2020-06-01,2020,6,june,NJ,16.8
2020-07-01,2020,7,july,NJ,14.2
2020-08-01,2020,8,august,NJ,11.1
2020-09-01,2020,9,september,NJ,6.7
2020-10-01,2020,10,october,NJ,8.2
2016-01-01,2016,1,january,NH,2.9
2016-02-01,2016,2,february,NH,2.9
2016-03-01,2016,3,march,NH,2.9
2016-04-01,2016,4,april,NH,2.9
2016-05-01,2016,5,may,NH,2.9
2016-06-01,2016,6,june,NH,2.9
2016-07-01,2016,7,july,NH,2.9
2016-08-01,2016,8,august,NH,2.9
2016-09-01,2016,9,september,NH,2.8
2016-10-01,2016,10,october,NH,2.8
2016-11-01,2016,11,november,NH,2.8
2016-12-01,2016,12,december,NH,2.8
2017-01-01,2017,1,january,NH,2.8
2017-02-01,2017,2,february,NH,2.8
2017-03-01,2017,3,march,NH,2.8
2017-04-01,2017,4,april,NH,2.7
2017-05-01,2017,5,may,NH,2.7
2017-06-01,2017,6,june,NH,2.7
2017-07-01,2017,7,july,NH,2.7
2017-08-01,2017,8,august,NH,2.7
2017-09-01,2017,9,september,NH,2.7
2017-10-01,2017,10,october,NH,2.7
2017-11-01,2017,11,november,NH,2.7
2017-12-01,2017,12,december,NH,2.7
2018-01-01,2018,1,january,NH,2.7
2018-02-01,2018,2,february,NH,2.7
2018-03-01,2018,3,march,NH,2.7
2018-04-01,2018,4,april,NH,2.6
2018-05-01,2018,5,may,NH,2.6
2018-06-01,2018,6,june,NH,2.6
2018-07-01,2018,7,july,NH,2.5
2018-08-01,2018,8,august,NH,2.5
2018-09-01,2018,9,september,NH,2.5
2018-10-01,2018,10,october,NH,2.5
2018-11-01,2018,11,november,NH,2.5
2018-12-01,2018,12,december,NH,2.5
2019-01-01,2019,1,january,NH,2.5
2019-02-01,2019,2,february,NH,2.5
2019-03-01,2019,3,march,NH,2.5
2019-04-01,2019,4,april,NH,2.5
2019-05-01,2019,5,may,NH,2.5
2019-06-01,2019,6,june,NH,2.5
2019-07-01,2019,7,july,NH,2.6
2019-08-01,2019,8,august,NH,2.6
2019-09-01,2019,9,september,NH,2.6
2019-10-01,2019,10,october,NH,2.6
2019-11-01,2019,11,november,NH,2.6
2019-12-01,2019,12,december,NH,2.6
2020-01-01,2020,1,january,NH,2.6
2020-02-01,2020,2,february,NH,2.6
2020-03-01,2020,3,march,NH,2.4
2020-04-01,2020,4,april,NH,17.1
2020-05-01,2020,5,may,NH,15.4
2020-06-01,2020,6,june,NH,9.2
2020-07-01,2020,7,july,NH,8.0
2020-08-01,2020,8,august,NH,6.6
2020-09-01,2020,9,september,NH,5.8
2020-10-01,2020,10,october,NH,4.2
2016-01-01,2016,1,january,NM,6.5
2016-02-01,2016,2,february,NM,6.5
2016-03-01,2016,3,march,NM,6.6
2016-04-01,2016,4,april,NM,6.6
2016-05-01,2016,5,may,NM,6.7
2016-06-01,2016,6,june,NM,6.7
2016-07-01,2016,7,july,NM,6.7
2016-08-01,2016,8,august,NM,6.7
2016-09-01,2016,9,september,NM,6.6
2016-10-01,2016,10,october,NM,6.6
2016-11-01,2016,11,november,NM,6.5
2016-12-01,2016,12,december,NM,6.4
2017-01-01,2017,1,january,NM,6.4
2017-02-01,2017,2,february,NM,6.3
2017-03-01,2017,3,march,NM,6.2
2017-04-01,2017,4,april,NM,6.1
2017-05-01,2017,5,may,NM,6.0
2017-06-01,2017,6,june,NM,5.9
2017-07-01,2017,7,july,NM,5.8
2017-08-01,2017,8,august,NM,5.7
2017-09-01,2017,9,september,NM,5.6
2017-10-01,2017,10,october,NM,5.5
2017-11-01,2017,11,november,NM,5.4
2017-12-01,2017,12,december,NM,5.3
2018-01-01,2018,1,january,NM,5.2
2018-02-01,2018,2,february,NM,5.1
2018-03-01,2018,3,march,NM,5.0
2018-04-01,2018,4,april,NM,4.9
2018-05-01,2018,5,may,NM,4.8
2018-06-01,2018,6,june,NM,4.8
2018-07-01,2018,7,july,NM,4.8
2018-08-01,2018,8,august,NM,4.8
2018-09-01,2018,9,september,NM,4.8
2018-10-01,2018,10,october,NM,4.9
2018-11-01,2018,11,november,NM,4.9
2018-12-01,2018,12,december,NM,4.9
2019-01-01,2019,1,january,NM,5.0
2019-02-01,2019,2,february,NM,5.0
2019-03-01,2019,3,march,NM,5.0
2019-04-01,2019,4,april,NM,5.0
2019-05-01,2019,5,may,NM,4.9
2019-06-01,2019,6,june,NM,4.9
2019-07-01,2019,7,july,NM,4.8
2019-08-01,2019,8,august,NM,4.8
2019-09-01,2019,9,september,NM,4.8
2019-10-01,2019,10,october,NM,4.8
2019-11-01,2019,11,november,NM,4.8
2019-12-01,2019,12,december,NM,4.8
2020-01-01,2020,1,january,NM,4.8
2020-02-01,2020,2,february,NM,4.8
2020-03-01,2020,3,march,NM,6.3
2020-04-01,2020,4,april,NM,11.9
2020-05-01,2020,5,may,NM,9.1
2020-06-01,2020,6,june,NM,8.4
2020-07-01,2020,7,july,NM,12.7
2020-08-01,2020,8,august,NM,11.4
2020-09-01,2020,9,september,NM,9.9
2020-10-01,2020,10,october,NM,8.1
2016-01-01,2016,1,january,NY,4.9
2016-02-01,2016,2,february,NY,4.8
2016-03-01,2016,3,march,NY,4.8
2016-04-01,2016,4,april,NY,4.8
2016-05-01,2016,5,may,NY,4.8
2016-06-01,2016,6,june,NY,4.9
2016-07-01,2016,7,july,NY,4.9
2016-08-01,2016,8,august,NY,4.9
2016-09-01,2016,9,september,NY,5.0
2016-10-01,2016,10,october,NY,4.9
2016-11-01,2016,11,november,NY,4.9
2016-12-01,2016,12,december,NY,4.8
2017-01-01,2017,1,january,NY,4.7
2017-02-01,2017,2,february,NY,4.7
2017-03-01,2017,3,march,NY,4.7
2017-04-01,2017,4,april,NY,4.7
2017-05-01,2017,5,may,NY,4.7
2017-06-01,2017,6,june,NY,4.7
2017-07-01,2017,7,july,NY,4.8
2017-08-01,2017,8,august,NY,4.8
2017-09-01,2017,9,september,NY,4.7
2017-10-01,2017,10,october,NY,4.7
2017-11-01,2017,11,november,NY,4.6
2017-12-01,2017,12,december,NY,4.6
2018-01-01,2018,1,january,NY,4.5
2018-02-01,2018,2,february,NY,4.5
2018-03-01,2018,3,march,NY,4.4
2018-04-01,2018,4,april,NY,4.3
2018-05-01,2018,5,may,NY,4.2
2018-06-01,2018,6,june,NY,4.1
2018-07-01,2018,7,july,NY,4.0
2018-08-01,2018,8,august,NY,3.9
2018-09-01,2018,9,september,NY,3.9
2018-10-01,2018,10,october,NY,3.9
2018-11-01,2018,11,november,NY,4.0
2018-12-01,2018,12,december,NY,4.0
2019-01-01,2019,1,january,NY,4.0
2019-02-01,2019,2,february,NY,4.0
2019-03-01,2019,3,march,NY,4.0
2019-04-01,2019,4,april,NY,4.0
2019-05-01,2019,5,may,NY,4.0
2019-06-01,2019,6,june,NY,3.9
2019-07-01,2019,7,july,NY,3.9
2019-08-01,2019,8,august,NY,3.9
2019-09-01,2019,9,september,NY,3.9
2019-10-01,2019,10,october,NY,3.9
2019-11-01,2019,11,november,NY,3.9
2019-12-01,2019,12,december,NY,3.9
2020-01-01,2020,1,january,NY,3.8
2020-02-01,2020,2,february,NY,3.7
2020-03-01,2020,3,march,NY,4.1
2020-04-01,2020,4,april,NY,15.3
2020-05-01,2020,5,may,NY,14.5
2020-06-01,2020,6,june,NY,15.6
2020-07-01,2020,7,july,NY,15.9
2020-08-01,2020,8,august,NY,12.5
2020-09-01,2020,9,september,NY,9.7
2020-10-01,2020,10,october,NY,9.6
2016-01-01,2016,1,january,NC,5.3
2016-02-01,2016,2,february,NC,5.2
2016-03-01,2016,3,march,NC,5.1
2016-04-01,2016,4,april,NC,5.1
2016-05-01,2016,5,may,NC,5.0
2016-06-01,2016,6,june,NC,5.0
2016-07-01,2016,7,july,NC,5.0
2016-08-01,2016,8,august,NC,5.0
2016-09-01,2016,9,september,NC,5.1
2016-10-01,2016,10,october,NC,5.1
2016-11-01,2016,11,november,NC,5.1
2016-12-01,2016,12,december,NC,5.0
2017-01-01,2017,1,january,NC,4.9
2017-02-01,2017,2,february,NC,4.8
2017-03-01,2017,3,march,NC,4.6
2017-04-01,2017,4,april,NC,4.5
2017-05-01,2017,5,may,NC,4.5
2017-06-01,2017,6,june,NC,4.4
2017-07-01,2017,7,july,NC,4.4
2017-08-01,2017,8,august,NC,4.4
2017-09-01,2017,9,september,NC,4.3
2017-10-01,2017,10,october,NC,4.3
2017-11-01,2017,11,november,NC,4.3
2017-12-01,2017,12,december,NC,4.2
2018-01-01,2018,1,january,NC,4.2
2018-02-01,2018,2,february,NC,4.1
2018-03-01,2018,3,march,NC,4.1
2018-04-01,2018,4,april,NC,4.0
2018-05-01,2018,5,may,NC,4.0
2018-06-01,2018,6,june,NC,3.9
2018-07-01,2018,7,july,NC,3.9
2018-08-01,2018,8,august,NC,3.9
2018-09-01,2018,9,september,NC,3.9
2018-10-01,2018,10,october,NC,3.9
2018-11-01,2018,11,november,NC,3.9
2018-12-01,2018,12,december,NC,4.0
2019-01-01,2019,1,january,NC,4.0
2019-02-01,2019,2,february,NC,4.1
2019-03-01,2019,3,march,NC,4.1
2019-04-01,2019,4,april,NC,4.1
2019-05-01,2019,5,may,NC,4.0
2019-06-01,2019,6,june,NC,4.0
2019-07-01,2019,7,july,NC,3.9
2019-08-01,2019,8,august,NC,3.8
2019-09-01,2019,9,september,NC,3.7
2019-10-01,2019,10,october,NC,3.7
2019-11-01,2019,11,november,NC,3.6
2019-12-01,2019,12,december,NC,3.6
2020-01-01,2020,1,january,NC,3.6
2020-02-01,2020,2,february,NC,3.6
2020-03-01,2020,3,march,NC,4.3
2020-04-01,2020,4,april,NC,12.9
2020-05-01,2020,5,may,NC,12.8
2020-06-01,2020,6,june,NC,7.5
2020-07-01,2020,7,july,NC,8.5
2020-08-01,2020,8,august,NC,6.5
2020-09-01,2020,9,september,NC,7.2
2020-10-01,2020,10,october,NC,6.3
2016-01-01,2016,1,january,ND,3.1
2016-02-01,2016,2,february,ND,3.2
2016-03-01,2016,3,march,ND,3.3
2016-04-01,2016,4,april,ND,3.3
2016-05-01,2016,5,may,ND,3.2
2016-06-01,2016,6,june,ND,3.2
2016-07-01,2016,7,july,ND,3.1
2016-08-01,2016,8,august,ND,3.0
2016-09-01,2016,9,september,ND,3.0
2016-10-01,2016,10,october,ND,2.9
2016-11-01,2016,11,november,ND,2.9
2016-12-01,2016,12,december,ND,2.9
2017-01-01,2017,1,january,ND,2.8
2017-02-01,2017,2,february,ND,2.7
2017-03-01,2017,3,march,ND,2.7
2017-04-01,2017,4,april,ND,2.6
2017-05-01,2017,5,may,ND,2.6
2017-06-01,2017,6,june,ND,2.6
2017-07-01,2017,7,july,ND,2.6
2017-08-01,2017,8,august,ND,2.6
2017-09-01,2017,9,september,ND,2.7
2017-10-01,2017,10,october,ND,2.7
2017-11-01,2017,11,november,ND,2.7
2017-12-01,2017,12,december,ND,2.7
2018-01-01,2018,1,january,ND,2.7
2018-02-01,2018,2,february,ND,2.7
2018-03-01,2018,3,march,ND,2.7
2018-04-01,2018,4,april,ND,2.6
2018-05-01,2018,5,may,ND,2.6
2018-06-01,2018,6,june,ND,2.6
2018-07-01,2018,7,july,ND,2.6
2018-08-01,2018,8,august,ND,2.6
2018-09-01,2018,9,september,ND,2.5
2018-10-01,2018,10,october,ND,2.5
2018-11-01,2018,11,november,ND,2.4
2018-12-01,2018,12,december,ND,2.4
2019-01-01,2019,1,january,ND,2.3
2019-02-01,2019,2,february,ND,2.3
2019-03-01,2019,3,march,ND,2.3
2019-04-01,2019,4,april,ND,2.3
2019-05-01,2019,5,may,ND,2.4
2019-06-01,2019,6,june,ND,2.4
2019-07-01,2019,7,july,ND,2.4
2019-08-01,2019,8,august,ND,2.4
2019-09-01,2019,9,september,ND,2.4
2019-10-01,2019,10,october,ND,2.4
2019-11-01,2019,11,november,ND,2.4
2019-12-01,2019,12,december,ND,2.4
2020-01-01,2020,1,january,ND,2.3
2020-02-01,2020,2,february,ND,2.2
2020-03-01,2020,3,march,ND,2.0
2020-04-01,2020,4,april,ND,9.1
2020-05-01,2020,5,may,ND,9.1
2020-06-01,2020,6,june,ND,7.4
2020-07-01,2020,7,july,ND,6.6
2020-08-01,2020,8,august,ND,5.0
2020-09-01,2020,9,september,ND,4.4
2020-10-01,2020,10,october,ND,4.8
2016-01-01,2016,1,january,OH,5.0
2016-02-01,2016,2,february,OH,5.0
2016-03-01,2016,3,march,OH,5.0
2016-04-01,2016,4,april,OH,5.0
2016-05-01,2016,5,may,OH,5.0
2016-06-01,2016,6,june,OH,5.0
2016-07-01,2016,7,july,OH,5.0
2016-08-01,2016,8,august,OH,5.0
2016-09-01,2016,9,september,OH,5.1
2016-10-01,2016,10,october,OH,5.2
2016-11-01,2016,11,november,OH,5.2
2016-12-01,2016,12,december,OH,5.2
2017-01-01,2017,1,january,OH,5.2
2017-02-01,2017,2,february,OH,5.2
2017-03-01,2017,3,march,OH,5.1
2017-04-01,2017,4,april,OH,5.1
2017-05-01,2017,5,may,OH,5.1
2017-06-01,2017,6,june,OH,5.0
2017-07-01,2017,7,july,OH,5.0
2017-08-01,2017,8,august,OH,5.0
2017-09-01,2017,9,september,OH,4.9
2017-10-01,2017,10,october,OH,4.8
2017-11-01,2017,11,november,OH,4.6
2017-12-01,2017,12,december,OH,4.5
2018-01-01,2018,1,january,OH,4.5
2018-02-01,2018,2,february,OH,4.5
2018-03-01,2018,3,march,OH,4.5
2018-04-01,2018,4,april,OH,4.6
2018-05-01,2018,5,may,OH,4.6
2018-06-01,2018,6,june,OH,4.5
2018-07-01,2018,7,july,OH,4.5
2018-08-01,2018,8,august,OH,4.4
2018-09-01,2018,9,september,OH,4.4
2018-10-01,2018,10,october,OH,4.4
2018-11-01,2018,11,november,OH,4.4
2018-12-01,2018,12,december,OH,4.3
2019-01-01,2019,1,january,OH,4.3
2019-02-01,2019,2,february,OH,4.2
2019-03-01,2019,3,march,OH,4.1
2019-04-01,2019,4,april,OH,4.1
2019-05-01,2019,5,may,OH,4.1
2019-06-01,2019,6,june,OH,4.1
2019-07-01,2019,7,july,OH,4.2
2019-08-01,2019,8,august,OH,4.2
2019-09-01,2019,9,september,OH,4.1
2019-10-01,2019,10,october,OH,4.1
2019-11-01,2019,11,november,OH,4.1
2019-12-01,2019,12,december,OH,4.1
2020-01-01,2020,1,january,OH,4.1
2020-02-01,2020,2,february,OH,4.1
2020-03-01,2020,3,march,OH,5.8
2020-04-01,2020,4,april,OH,17.6
2020-05-01,2020,5,may,OH,13.9
2020-06-01,2020,6,june,OH,11.0
2020-07-01,2020,7,july,OH,9.0
2020-08-01,2020,8,august,OH,8.9
2020-09-01,2020,9,september,OH,8.3
2020-10-01,2020,10,october,OH,5.6
2016-01-01,2016,1,january,OK,4.6
2016-02-01,2016,2,february,OK,4.7
2016-03-01,2016,3,march,OK,4.7
2016-04-01,2016,4,april,OK,4.8
2016-05-01,2016,5,may,OK,4.9
2016-06-01,2016,6,june,OK,4.9
2016-07-01,2016,7,july,OK,4.9
2016-08-01,2016,8,august,OK,4.9
2016-09-01,2016,9,september,OK,4.9
2016-10-01,2016,10,october,OK,4.8
2016-11-01,2016,11,november,OK,4.8
2016-12-01,2016,12,december,OK,4.7
2017-01-01,2017,1,january,OK,4.6
2017-02-01,2017,2,february,OK,4.5
2017-03-01,2017,3,march,OK,4.4
2017-04-01,2017,4,april,OK,4.3
2017-05-01,2017,5,may,OK,4.3
2017-06-01,2017,6,june,OK,4.2
2017-07-01,2017,7,july,OK,4.2
2017-08-01,2017,8,august,OK,4.1
2017-09-01,2017,9,september,OK,4.1
2017-10-01,2017,10,october,OK,4.0
2017-11-01,2017,11,november,OK,4.0
2017-12-01,2017,12,december,OK,3.9
2018-01-01,2018,1,january,OK,3.9
2018-02-01,2018,2,february,OK,3.8
2018-03-01,2018,3,march,OK,3.7
2018-04-01,2018,4,april,OK,3.6
2018-05-01,2018,5,may,OK,3.5
2018-06-01,2018,6,june,OK,3.4
2018-07-01,2018,7,july,OK,3.3
2018-08-01,2018,8,august,OK,3.2
2018-09-01,2018,9,september,OK,3.2
2018-10-01,2018,10,october,OK,3.2
2018-11-01,2018,11,november,OK,3.2
2018-12-01,2018,12,december,OK,3.3
2019-01-01,2019,1,january,OK,3.3
2019-02-01,2019,2,february,OK,3.3
2019-03-01,2019,3,march,OK,3.2
2019-04-01,2019,4,april,OK,3.2
2019-05-01,2019,5,may,OK,3.2
2019-06-01,2019,6,june,OK,3.2
2019-07-01,2019,7,july,OK,3.3
2019-08-01,2019,8,august,OK,3.3
2019-09-01,2019,9,september,OK,3.3
2019-10-01,2019,10,october,OK,3.4
2019-11-01,2019,11,november,OK,3.4
2019-12-01,2019,12,december,OK,3.4
2020-01-01,2020,1,january,OK,3.3
2020-02-01,2020,2,february,OK,3.2
2020-03-01,2020,3,march,OK,2.9
2020-04-01,2020,4,april,OK,14.7
2020-05-01,2020,5,may,OK,12.6
2020-06-01,2020,6,june,OK,6.4
2020-07-01,2020,7,july,OK,7.1
2020-08-01,2020,8,august,OK,5.7
2020-09-01,2020,9,september,OK,5.4
2020-10-01,2020,10,october,OK,6.1
2016-01-01,2016,1,january,OR,5.1
2016-02-01,2016,2,february,OR,5.0
2016-03-01,2016,3,march,OR,5.0
2016-04-01,2016,4,april,OR,5.0
2016-05-01,2016,5,may,OR,5.0
2016-06-01,2016,6,june,OR,5.0
2016-07-01,2016,7,july,OR,4.9
2016-08-01,2016,8,august,OR,4.8
2016-09-01,2016,9,september,OR,4.7
2016-10-01,2016,10,october,OR,4.6
2016-11-01,2016,11,november,OR,4.4
2016-12-01,2016,12,december,OR,4.3
2017-01-01,2017,1,january,OR,4.2
2017-02-01,2017,2,february,OR,4.1
2017-03-01,2017,3,march,OR,4.1
2017-04-01,2017,4,april,OR,4.1
2017-05-01,2017,5,may,OR,4.1
2017-06-01,2017,6,june,OR,4.1
2017-07-01,2017,7,july,OR,4.1
2017-08-01,2017,8,august,OR,4.1
2017-09-01,2017,9,september,OR,4.1
2017-10-01,2017,10,october,OR,4.1
2017-11-01,2017,11,november,OR,4.1
2017-12-01,2017,12,december,OR,4.1
2018-01-01,2018,1,january,OR,4.1
2018-02-01,2018,2,february,OR,4.1
2018-03-01,2018,3,march,OR,4.1
2018-04-01,2018,4,april,OR,4.0
2018-05-01,2018,5,may,OR,4.0
2018-06-01,2018,6,june,OR,3.9
2018-07-01,2018,7,july,OR,3.9
2018-08-01,2018,8,august,OR,4.0
2018-09-01,2018,9,september,OR,4.0
2018-10-01,2018,10,october,OR,4.1
2018-11-01,2018,11,november,OR,4.2
2018-12-01,2018,12,december,OR,4.2
2019-01-01,2019,1,january,OR,4.2
2019-02-01,2019,2,february,OR,4.2
2019-03-01,2019,3,march,OR,4.1
2019-04-01,2019,4,april,OR,4.0
2019-05-01,2019,5,may,OR,3.9
2019-06-01,2019,6,june,OR,3.8
2019-07-01,2019,7,july,OR,3.7
2019-08-01,2019,8,august,OR,3.6
2019-09-01,2019,9,september,OR,3.5
2019-10-01,2019,10,october,OR,3.4
2019-11-01,2019,11,november,OR,3.4
2019-12-01,2019,12,december,OR,3.4
2020-01-01,2020,1,january,OR,3.3
2020-02-01,2020,2,february,OR,3.3
2020-03-01,2020,3,march,OR,3.5
2020-04-01,2020,4,april,OR,14.9
2020-05-01,2020,5,may,OR,14.3
2020-06-01,2020,6,june,OR,11.6
2020-07-01,2020,7,july,OR,10.4
2020-08-01,2020,8,august,OR,8.5
2020-09-01,2020,9,september,OR,7.9
2020-10-01,2020,10,october,OR,6.9
2016-01-01,2016,1,january,PA,5.2
2016-02-01,2016,2,february,PA,5.3
2016-03-01,2016,3,march,PA,5.4
2016-04-01,2016,4,april,PA,5.4
2016-05-01,2016,5,may,PA,5.4
2016-06-01,2016,6,june,PA,5.5
2016-07-01,2016,7,july,PA,5.5
2016-08-01,2016,8,august,PA,5.5
2016-09-01,2016,9,september,PA,5.4
2016-10-01,2016,10,october,PA,5.4
2016-11-01,2016,11,november,PA,5.3
2016-12-01,2016,12,december,PA,5.2
2017-01-01,2017,1,january,PA,5.2
2017-02-01,2017,2,february,PA,5.1
2017-03-01,2017,3,march,PA,5.0
2017-04-01,2017,4,april,PA,5.0
2017-05-01,2017,5,may,PA,4.9
2017-06-01,2017,6,june,PA,4.8
2017-07-01,2017,7,july,PA,4.8
2017-08-01,2017,8,august,PA,4.8
2017-09-01,2017,9,september,PA,4.7
2017-10-01,2017,10,october,PA,4.7
2017-11-01,2017,11,november,PA,4.7
2017-12-01,2017,12,december,PA,4.6
2018-01-01,2018,1,january,PA,4.6
2018-02-01,2018,2,february,PA,4.5
2018-03-01,2018,3,march,PA,4.4
2018-04-01,2018,4,april,PA,4.3
2018-05-01,2018,5,may,PA,4.3
2018-06-01,2018,6,june,PA,4.2
2018-07-01,2018,7,july,PA,4.2
2018-08-01,2018,8,august,PA,4.2
2018-09-01,2018,9,september,PA,4.1
2018-10-01,2018,10,october,PA,4.1
2018-11-01,2018,11,november,PA,4.1
2018-12-01,2018,12,december,PA,4.1
2019-01-01,2019,1,january,PA,4.1
2019-02-01,2019,2,february,PA,4.1
2019-03-01,2019,3,march,PA,4.1
2019-04-01,2019,4,april,PA,4.1
2019-05-01,2019,5,may,PA,4.2
2019-06-01,2019,6,june,PA,4.3
2019-07-01,2019,7,july,PA,4.4
2019-08-01,2019,8,august,PA,4.5
2019-09-01,2019,9,september,PA,4.6
2019-10-01,2019,10,october,PA,4.6
2019-11-01,2019,11,november,PA,4.6
2019-12-01,2019,12,december,PA,4.6
2020-01-01,2020,1,january,PA,4.7
2020-02-01,2020,2,february,PA,4.7
2020-03-01,2020,3,march,PA,5.8
2020-04-01,2020,4,april,PA,16.1
2020-05-01,2020,5,may,PA,13.4
2020-06-01,2020,6,june,PA,13.2
2020-07-01,2020,7,july,PA,12.5
2020-08-01,2020,8,august,PA,10.4
2020-09-01,2020,9,september,PA,8.3
2020-10-01,2020,10,october,PA,7.3
2016-01-01,2016,1,january,RI,5.4
2016-02-01,2016,2,february,RI,5.4
2016-03-01,2016,3,march,RI,5.4
2016-04-01,2016,4,april,RI,5.4
2016-05-01,2016,5,may,RI,5.4
2016-06-01,2016,6,june,RI,5.3
2016-07-01,2016,7,july,RI,5.3
2016-08-01,2016,8,august,RI,5.2
2016-09-01,2016,9,september,RI,5.1
2016-10-01,2016,10,october,RI,4.9
2016-11-01,2016,11,november,RI,4.8
2016-12-01,2016,12,december,RI,4.7
2017-01-01,2017,1,january,RI,4.5
2017-02-01,2017,2,february,RI,4.5
2017-03-01,2017,3,march,RI,4.4
2017-04-01,2017,4,april,RI,4.4
2017-05-01,2017,5,may,RI,4.4
2017-06-01,2017,6,june,RI,4.4
2017-07-01,2017,7,july,RI,4.4
2017-08-01,2017,8,august,RI,4.4
2017-09-01,2017,9,september,RI,4.4
2017-10-01,2017,10,october,RI,4.4
2017-11-01,2017,11,november,RI,4.4
2017-12-01,2017,12,december,RI,4.4
2018-01-01,2018,1,january,RI,4.3
2018-02-01,2018,2,february,RI,4.3
2018-03-01,2018,3,march,RI,4.2
2018-04-01,2018,4,april,RI,4.1
2018-05-01,2018,5,may,RI,4.0
2018-06-01,2018,6,june,RI,3.9
2018-07-01,2018,7,july,RI,3.9
2018-08-01,2018,8,august,RI,3.8
2018-09-01,2018,9,september,RI,3.8
2018-10-01,2018,10,october,RI,3.8
2018-11-01,2018,11,november,RI,3.8
2018-12-01,2018,12,december,RI,3.7
2019-01-01,2019,1,january,RI,3.7
2019-02-01,2019,2,february,RI,3.7
2019-03-01,2019,3,march,RI,3.6
2019-04-01,2019,4,april,RI,3.6
2019-05-01,2019,5,may,RI,3.6
2019-06-01,2019,6,june,RI,3.6
2019-07-01,2019,7,july,RI,3.6
2019-08-01,2019,8,august,RI,3.5
2019-09-01,2019,9,september,RI,3.5
2019-10-01,2019,10,october,RI,3.5
2019-11-01,2019,11,november,RI,3.5
2019-12-01,2019,12,december,RI,3.5
2020-01-01,2020,1,january,RI,3.4
2020-02-01,2020,2,february,RI,3.4
2020-03-01,2020,3,march,RI,4.7
2020-04-01,2020,4,april,RI,18.1
2020-05-01,2020,5,may,RI,16.4
2020-06-01,2020,6,june,RI,12.6
2020-07-01,2020,7,july,RI,11.3
2020-08-01,2020,8,august,RI,12.9
2020-09-01,2020,9,september,RI,10.5
2020-10-01,2020,10,october,RI,7.0
2016-01-01,2016,1,january,SC,5.4
2016-02-01,2016,2,february,SC,5.4
2016-03-01,2016,3,march,SC,5.3
2016-04-01,2016,4,april,SC,5.2
2016-05-01,2016,5,may,SC,5.2
2016-06-01,2016,6,june,SC,5.1
2016-07-01,2016,7,july,SC,5.0
2016-08-01,2016,8,august,SC,4.9
2016-09-01,2016,9,september,SC,4.8
2016-10-01,2016,10,october,SC,4.7
2016-11-01,2016,11,november,SC,4.7
2016-12-01,2016,12,december,SC,4.6
2017-01-01,2017,1,january,SC,4.5
2017-02-01,2017,2,february,SC,4.4
2017-03-01,2017,3,march,SC,4.4
2017-04-01,2017,4,april,SC,4.3
2017-05-01,2017,5,may,SC,4.3
2017-06-01,2017,6,june,SC,4.3
2017-07-01,2017,7,july,SC,4.3
2017-08-01,2017,8,august,SC,4.3
2017-09-01,2017,9,september,SC,4.2
2017-10-01,2017,10,october,SC,4.2
2017-11-01,2017,11,november,SC,4.1
2017-12-01,2017,12,december,SC,4.0
2018-01-01,2018,1,january,SC,3.9
2018-02-01,2018,2,february,SC,3.8
2018-03-01,2018,3,march,SC,3.6
2018-04-01,2018,4,april,SC,3.5
2018-05-01,2018,5,may,SC,3.4
2018-06-01,2018,6,june,SC,3.4
2018-07-01,2018,7,july,SC,3.3
2018-08-01,2018,8,august,SC,3.3
2018-09-01,2018,9,september,SC,3.3
2018-10-01,2018,10,october,SC,3.3
2018-11-01,2018,11,november,SC,3.3
2018-12-01,2018,12,december,SC,3.4
2019-01-01,2019,1,january,SC,3.4
2019-02-01,2019,2,february,SC,3.4
2019-03-01,2019,3,march,SC,3.4
2019-04-01,2019,4,april,SC,3.3
2019-05-01,2019,5,may,SC,3.1
2019-06-01,2019,6,june,SC,2.9
2019-07-01,2019,7,july,SC,2.7
2019-08-01,2019,8,august,SC,2.5
2019-09-01,2019,9,september,SC,2.4
2019-10-01,2019,10,october,SC,2.4
2019-11-01,2019,11,november,SC,2.4
2019-12-01,2019,12,december,SC,2.4
2020-01-01,2020,1,january,SC,2.4
2020-02-01,2020,2,february,SC,2.5
2020-03-01,2020,3,march,SC,3.2
2020-04-01,2020,4,april,SC,12.8
2020-05-01,2020,5,may,SC,12.4
2020-06-01,2020,6,june,SC,8.7
2020-07-01,2020,7,july,SC,8.7
2020-08-01,2020,8,august,SC,6.4
2020-09-01,2020,9,september,SC,5.2
2020-10-01,2020,10,october,SC,4.2
2016-01-01,2016,1,january,SD,2.9
2016-02-01,2016,2,february,SD,2.8
2016-03-01,2016,3,march,SD,2.9
2016-04-01,2016,4,april,SD,2.9
2016-05-01,2016,5,may,SD,2.9
2016-06-01,2016,6,june,SD,3.0
2016-07-01,2016,7,july,SD,3.0
2016-08-01,2016,8,august,SD,3.0
2016-09-01,2016,9,september,SD,3.1
2016-10-01,2016,10,october,SD,3.1
2016-11-01,2016,11,november,SD,3.1
2016-12-01,2016,12,december,SD,3.1
2017-01-01,2017,1,january,SD,3.1
2017-02-01,2017,2,february,SD,3.2
2017-03-01,2017,3,march,SD,3.2
2017-04-01,2017,4,april,SD,3.2
2017-05-01,2017,5,may,SD,3.2
2017-06-01,2017,6,june,SD,3.2
2017-07-01,2017,7,july,SD,3.2
2017-08-01,2017,8,august,SD,3.3
2017-09-01,2017,9,september,SD,3.3
2017-10-01,2017,10,october,SD,3.2
2017-11-01,2017,11,november,SD,3.2
2017-12-01,2017,12,december,SD,3.2
2018-01-01,2018,1,january,SD,3.2
2018-02-01,2018,2,february,SD,3.2
2018-03-01,2018,3,march,SD,3.1
2018-04-01,2018,4,april,SD,3.1
2018-05-01,2018,5,may,SD,3.1
2018-06-01,2018,6,june,SD,3.1
2018-07-01,2018,7,july,SD,3.0
2018-08-01,2018,8,august,SD,3.0
2018-09-01,2018,9,september,SD,3.0
2018-10-01,2018,10,october,SD,3.0
2018-11-01,2018,11,november,SD,3.0
2018-12-01,2018,12,december,SD,3.1
2019-01-01,2019,1,january,SD,3.1
2019-02-01,2019,2,february,SD,3.1
2019-03-01,2019,3,march,SD,3.2
2019-04-01,2019,4,april,SD,3.2
2019-05-01,2019,5,may,SD,3.3
2019-06-01,2019,6,june,SD,3.3
2019-07-01,2019,7,july,SD,3.3
2019-08-01,2019,8,august,SD,3.3
2019-09-01,2019,9,september,SD,3.4
2019-10-01,2019,10,october,SD,3.4
2019-11-01,2019,11,november,SD,3.4
2019-12-01,2019,12,december,SD,3.4
2020-01-01,2020,1,january,SD,3.4
2020-02-01,2020,2,february,SD,3.3
2020-03-01,2020,3,march,SD,3.1
2020-04-01,2020,4,april,SD,10.9
2020-05-01,2020,5,may,SD,9.4
2020-06-01,2020,6,june,SD,7.2
2020-07-01,2020,7,july,SD,6.4
2020-08-01,2020,8,august,SD,4.8
2020-09-01,2020,9,september,SD,4.1
2020-10-01,2020,10,october,SD,3.6
2016-01-01,2016,1,january,TN,4.8
2016-02-01,2016,2,february,TN,4.7
2016-03-01,2016,3,march,TN,4.7
2016-04-01,2016,4,april,TN,4.7
2016-05-01,2016,5,may,TN,4.7
2016-06-01,2016,6,june,TN,4.7
2016-07-01,2016,7,july,TN,4.8
2016-08-01,2016,8,august,TN,4.8
2016-09-01,2016,9,september,TN,4.8
2016-10-01,2016,10,october,TN,4.8
2016-11-01,2016,11,november,TN,4.7
2016-12-01,2016,12,december,TN,4.6
2017-01-01,2017,1,january,TN,4.5
2017-02-01,2017,2,february,TN,4.3
2017-03-01,2017,3,march,TN,4.1
2017-04-01,2017,4,april,TN,3.9
2017-05-01,2017,5,may,TN,3.8
2017-06-01,2017,6,june,TN,3.6
2017-07-01,2017,7,july,TN,3.5
2017-08-01,2017,8,august,TN,3.5
2017-09-01,2017,9,september,TN,3.5
2017-10-01,2017,10,october,TN,3.5
2017-11-01,2017,11,november,TN,3.5
2017-12-01,2017,12,december,TN,3.5
2018-01-01,2018,1,january,TN,3.6
2018-02-01,2018,2,february,TN,3.6
2018-03-01,2018,3,march,TN,3.6
2018-04-01,2018,4,april,TN,3.6
2018-05-01,2018,5,may,TN,3.6
2018-06-01,2018,6,june,TN,3.6
2018-07-01,2018,7,july,TN,3.5
2018-08-01,2018,8,august,TN,3.5
2018-09-01,2018,9,september,TN,3.5
2018-10-01,2018,10,october,TN,3.4
2018-11-01,2018,11,november,TN,3.4
2018-12-01,2018,12,december,TN,3.4
2019-01-01,2019,1,january,TN,3.4
2019-02-01,2019,2,february,TN,3.4
2019-03-01,2019,3,march,TN,3.5
2019-04-01,2019,4,april,TN,3.5
2019-05-01,2019,5,may,TN,3.5
2019-06-01,2019,6,june,TN,3.4
2019-07-01,2019,7,july,TN,3.4
2019-08-01,2019,8,august,TN,3.4
2019-09-01,2019,9,september,TN,3.3
2019-10-01,2019,10,october,TN,3.3
2019-11-01,2019,11,november,TN,3.3
2019-12-01,2019,12,december,TN,3.3
2020-01-01,2020,1,january,TN,3.3
2020-02-01,2020,2,february,TN,3.4
2020-03-01,2020,3,march,TN,3.3
2020-04-01,2020,4,april,TN,15.5
2020-05-01,2020,5,may,TN,11.0
2020-06-01,2020,6,june,TN,9.6
2020-07-01,2020,7,july,TN,9.7
2020-08-01,2020,8,august,TN,8.6
2020-09-01,2020,9,september,TN,6.5
2020-10-01,2020,10,october,TN,7.4
2016-01-01,2016,1,january,TX,4.4
2016-02-01,2016,2,february,TX,4.4
2016-03-01,2016,3,march,TX,4.4
2016-04-01,2016,4,april,TX,4.5
2016-05-01,2016,5,may,TX,4.6
2016-06-01,2016,6,june,TX,4.7
2016-07-01,2016,7,july,TX,4.7
2016-08-01,2016,8,august,TX,4.7
2016-09-01,2016,9,september,TX,4.8
2016-10-01,2016,10,october,TX,4.8
2016-11-01,2016,11,november,TX,4.8
2016-12-01,2016,12,december,TX,4.8
2017-01-01,2017,1,january,TX,4.7
2017-02-01,2017,2,february,TX,4.7
2017-03-01,2017,3,march,TX,4.6
2017-04-01,2017,4,april,TX,4.5
2017-05-01,2017,5,may,TX,4.4
2017-06-01,2017,6,june,TX,4.3
2017-07-01,2017,7,july,TX,4.2
2017-08-01,2017,8,august,TX,4.1
2017-09-01,2017,9,september,TX,4.1
2017-10-01,2017,10,october,TX,4.1
2017-11-01,2017,11,november,TX,4.0
2017-12-01,2017,12,december,TX,4.0
2018-01-01,2018,1,january,TX,4.0
2018-02-01,2018,2,february,TX,4.0
2018-03-01,2018,3,march,TX,4.0
2018-04-01,2018,4,april,TX,4.0
2018-05-01,2018,5,may,TX,3.9
2018-06-01,2018,6,june,TX,3.9
2018-07-01,2018,7,july,TX,3.8
2018-08-01,2018,8,august,TX,3.7
2018-09-01,2018,9,september,TX,3.7
2018-10-01,2018,10,october,TX,3.7
2018-11-01,2018,11,november,TX,3.7
2018-12-01,2018,12,december,TX,3.7
2019-01-01,2019,1,january,TX,3.7
2019-02-01,2019,2,february,TX,3.6
2019-03-01,2019,3,march,TX,3.5
2019-04-01,2019,4,april,TX,3.5
2019-05-01,2019,5,may,TX,3.4
2019-06-01,2019,6,june,TX,3.4
2019-07-01,2019,7,july,TX,3.5
2019-08-01,2019,8,august,TX,3.5
2019-09-01,2019,9,september,TX,3.5
2019-10-01,2019,10,october,TX,3.5
2019-11-01,2019,11,november,TX,3.5
2019-12-01,2019,12,december,TX,3.5
2020-01-01,2020,1,january,TX,3.5
2020-02-01,2020,2,february,TX,3.5
2020-03-01,2020,3,march,TX,5.1
2020-04-01,2020,4,april,TX,13.5
2020-05-01,2020,5,may,TX,13.0
2020-06-01,2020,6,june,TX,8.4
2020-07-01,2020,7,july,TX,8.0
2020-08-01,2020,8,august,TX,6.8
2020-09-01,2020,9,september,TX,8.3
2020-10-01,2020,10,october,TX,6.9
2016-01-01,2016,1,january,UT,3.6
2016-02-01,2016,2,february,UT,3.6
2016-03-01,2016,3,march,UT,3.6
2016-04-01,2016,4,april,UT,3.6
2016-05-01,2016,5,may,UT,3.5
2016-06-01,2016,6,june,UT,3.5
2016-07-01,2016,7,july,UT,3.4
2016-08-01,2016,8,august,UT,3.4
2016-09-01,2016,9,september,UT,3.3
2016-10-01,2016,10,october,UT,3.3
2016-11-01,2016,11,november,UT,3.3
2016-12-01,2016,12,december,UT,3.3
2017-01-01,2017,1,january,UT,3.3
2017-02-01,2017,2,february,UT,3.3
2017-03-01,2017,3,march,UT,3.3
2017-04-01,2017,4,april,UT,3.3
2017-05-01,2017,5,may,UT,3.3
2017-06-01,2017,6,june,UT,3.3
2017-07-01,2017,7,july,UT,3.3
2017-08-01,2017,8,august,UT,3.3
2017-09-01,2017,9,september,UT,3.2
2017-10-01,2017,10,october,UT,3.2
2017-11-01,2017,11,november,UT,3.2
2017-12-01,2017,12,december,UT,3.1
2018-01-01,2018,1,january,UT,3.1
2018-02-01,2018,2,february,UT,3.1
2018-03-01,2018,3,march,UT,3.1
2018-04-01,2018,4,april,UT,3.1
2018-05-01,2018,5,may,UT,3.1
2018-06-01,2018,6,june,UT,3.1
2018-07-01,2018,7,july,UT,3.1
2018-08-01,2018,8,august,UT,3.0
2018-09-01,2018,9,september,UT,3.0
2018-10-01,2018,10,october,UT,3.0
2018-11-01,2018,11,november,UT,3.0
2018-12-01,2018,12,december,UT,2.9
2019-01-01,2019,1,january,UT,2.9
2019-02-01,2019,2,february,UT,2.8
2019-03-01,2019,3,march,UT,2.8
2019-04-01,2019,4,april,UT,2.7
2019-05-01,2019,5,may,UT,2.7
2019-06-01,2019,6,june,UT,2.6
2019-07-01,2019,7,july,UT,2.5
2019-08-01,2019,8,august,UT,2.5
2019-09-01,2019,9,september,UT,2.5
2019-10-01,2019,10,october,UT,2.4
2019-11-01,2019,11,november,UT,2.4
2019-12-01,2019,12,december,UT,2.4
2020-01-01,2020,1,january,UT,2.5
2020-02-01,2020,2,february,UT,2.5
2020-03-01,2020,3,march,UT,3.8
2020-04-01,2020,4,april,UT,10.4
2020-05-01,2020,5,may,UT,8.6
2020-06-01,2020,6,june,UT,5.3
2020-07-01,2020,7,july,UT,4.5
2020-08-01,2020,8,august,UT,4.1
2020-09-01,2020,9,september,UT,5.0
2020-10-01,2020,10,october,UT,4.1
2016-01-01,2016,1,january,VT,3.3
2016-02-01,2016,2,february,VT,3.3
2016-03-01,2016,3,march,VT,3.3
2016-04-01,2016,4,april,VT,3.3
2016-05-01,2016,5,may,VT,3.3
2016-06-01,2016,6,june,VT,3.2
2016-07-01,2016,7,july,VT,3.2
2016-08-01,2016,8,august,VT,3.2
2016-09-01,2016,9,september,VT,3.2
2016-10-01,2016,10,october,VT,3.1
2016-11-01,2016,11,november,VT,3.1
2016-12-01,2016,12,december,VT,3.1
2017-01-01,2017,1,january,VT,3.1
2017-02-01,2017,2,february,VT,3.1
2017-03-01,2017,3,march,VT,3.1
2017-04-01,2017,4,april,VT,3.0
2017-05-01,2017,5,may,VT,3.0
2017-06-01,2017,6,june,VT,3.0
2017-07-01,2017,7,july,VT,2.9
2017-08-01,2017,8,august,VT,2.9
2017-09-01,2017,9,september,VT,2.9
2017-10-01,2017,10,october,VT,2.8
2017-11-01,2017,11,november,VT,2.8
2017-12-01,2017,12,december,VT,2.7
2018-01-01,2018,1,january,VT,2.7
2018-02-01,2018,2,february,VT,2.7
2018-03-01,2018,3,march,VT,2.7
2018-04-01,2018,4,april,VT,2.6
2018-05-01,2018,5,may,VT,2.6
2018-06-01,2018,6,june,VT,2.6
2018-07-01,2018,7,july,VT,2.5
2018-08-01,2018,8,august,VT,2.5
2018-09-01,2018,9,september,VT,2.5
2018-10-01,2018,10,october,VT,2.4
2018-11-01,2018,11,november,VT,2.4
2018-12-01,2018,12,december,VT,2.4
2019-01-01,2019,1,january,VT,2.4
2019-02-01,2019,2,february,VT,2.3
2019-03-01,2019,3,march,VT,2.3
2019-04-01,2019,4,april,VT,2.3
2019-05-01,2019,5,may,VT,2.3
2019-06-01,2019,6,june,VT,2.4
2019-07-01,2019,7,july,VT,2.4
2019-08-01,2019,8,august,VT,2.4
2019-09-01,2019,9,september,VT,2.4
2019-10-01,2019,10,october,VT,2.4
2019-11-01,2019,11,november,VT,2.4
2019-12-01,2019,12,december,VT,2.4
2020-01-01,2020,1,january,VT,2.4
2020-02-01,2020,2,february,VT,2.4
2020-03-01,2020,3,march,VT,3.1
2020-04-01,2020,4,april,VT,16.5
2020-05-01,2020,5,may,VT,12.8
2020-06-01,2020,6,june,VT,9.5
2020-07-01,2020,7,july,VT,8.3
2020-08-01,2020,8,august,VT,4.8
2020-09-01,2020,9,september,VT,4.3
2020-10-01,2020,10,october,VT,3.2
2016-01-01,2016,1,january,VA,4.1
2016-02-01,2016,2,february,VA,4.0
2016-03-01,2016,3,march,VA,4.0
2016-04-01,2016,4,april,VA,4.0
2016-05-01,2016,5,may,VA,4.1
2016-06-01,2016,6,june,VA,4.1
2016-07-01,2016,7,july,VA,4.1
2016-08-01,2016,8,august,VA,4.2
2016-09-01,2016,9,september,VA,4.2
2016-10-01,2016,10,october,VA,4.2
2016-11-01,2016,11,november,VA,4.1
2016-12-01,2016,12,december,VA,4.1
2017-01-01,2017,1,january,VA,4.0
2017-02-01,2017,2,february,VA,4.0
2017-03-01,2017,3,march,VA,3.9
2017-04-01,2017,4,april,VA,3.8
2017-05-01,2017,5,may,VA,3.8
2017-06-01,2017,6,june,VA,3.7
2017-07-01,2017,7,july,VA,3.7
2017-08-01,2017,8,august,VA,3.6
2017-09-01,2017,9,september,VA,3.6
2017-10-01,2017,10,october,VA,3.5
2017-11-01,2017,11,november,VA,3.4
2017-12-01,2017,12,december,VA,3.4
2018-01-01,2018,1,january,VA,3.3
2018-02-01,2018,2,february,VA,3.2
2018-03-01,2018,3,march,VA,3.2
2018-04-01,2018,4,april,VA,3.1
2018-05-01,2018,5,may,VA,3.1
2018-06-01,2018,6,june,VA,3.0
2018-07-01,2018,7,july,VA,3.0
2018-08-01,2018,8,august,VA,2.9
2018-09-01,2018,9,september,VA,2.9
2018-10-01,2018,10,october,VA,2.9
2018-11-01,2018,11,november,VA,2.9
2018-12-01,2018,12,december,VA,3.0
2019-01-01,2019,1,january,VA,3.0
2019-02-01,2019,2,february,VA,3.0
2019-03-01,2019,3,march,VA,2.9
2019-04-01,2019,4,april,VA,2.9
2019-05-01,2019,5,may,VA,2.8
2019-06-01,2019,6,june,VA,2.8
2019-07-01,2019,7,july,VA,2.7
2019-08-01,2019,8,august,VA,2.7
2019-09-01,2019,9,september,VA,2.7
2019-10-01,2019,10,october,VA,2.7
2019-11-01,2019,11,november,VA,2.7
2019-12-01,2019,12,december,VA,2.7
2020-01-01,2020,1,january,VA,2.7
2020-02-01,2020,2,february,VA,2.6
2020-03-01,2020,3,march,VA,3.3
2020-04-01,2020,4,april,VA,11.2
2020-05-01,2020,5,may,VA,9.0
2020-06-01,2020,6,june,VA,8.1
2020-07-01,2020,7,july,VA,7.9
2020-08-01,2020,8,august,VA,6.1
2020-09-01,2020,9,september,VA,6.2
2020-10-01,2020,10,october,VA,5.3
2016-01-01,2016,1,january,WA,5.5
2016-02-01,2016,2,february,WA,5.5
2016-03-01,2016,3,march,WA,5.4
2016-04-01,2016,4,april,WA,5.4
2016-05-01,2016,5,may,WA,5.4
2016-06-01,2016,6,june,WA,5.3
2016-07-01,2016,7,july,WA,5.3
2016-08-01,2016,8,august,WA,5.2
2016-09-01,2016,9,september,WA,5.1
2016-10-01,2016,10,october,WA,5.1
2016-11-01,2016,11,november,WA,5.0
2016-12-01,2016,12,december,WA,4.9
2017-01-01,2017,1,january,WA,4.9
2017-02-01,2017,2,february,WA,4.8
2017-03-01,2017,3,march,WA,4.8
2017-04-01,2017,4,april,WA,4.7
2017-05-01,2017,5,may,WA,4.7
2017-06-01,2017,6,june,WA,4.7
2017-07-01,2017,7,july,WA,4.7
2017-08-01,2017,8,august,WA,4.7
2017-09-01,2017,9,september,WA,4.7
2017-10-01,2017,10,october,WA,4.6
2017-11-01,2017,11,november,WA,4.6
2017-12-01,2017,12,december,WA,4.6
2018-01-01,2018,1,january,WA,4.6
2018-02-01,2018,2,february,WA,4.5
2018-03-01,2018,3,march,WA,4.5
2018-04-01,2018,4,april,WA,4.5
2018-05-01,2018,5,may,WA,4.4
2018-06-01,2018,6,june,WA,4.4
2018-07-01,2018,7,july,WA,4.4
2018-08-01,2018,8,august,WA,4.4
2018-09-01,2018,9,september,WA,4.4
2018-10-01,2018,10,october,WA,4.4
2018-11-01,2018,11,november,WA,4.5
2018-12-01,2018,12,december,WA,4.5
2019-01-01,2019,1,january,WA,4.5
2019-02-01,2019,2,february,WA,4.5
2019-03-01,2019,3,march,WA,4.5
2019-04-01,2019,4,april,WA,4.4
2019-05-01,2019,5,may,WA,4.4
2019-06-01,2019,6,june,WA,4.3
2019-07-01,2019,7,july,WA,4.2
2019-08-01,2019,8,august,WA,4.2
2019-09-01,2019,9,september,WA,4.1
2019-10-01,2019,10,october,WA,4.0
2019-11-01,2019,11,november,WA,4.0
2019-12-01,2019,12,december,WA,4.0
2020-01-01,2020,1,january,WA,3.9
2020-02-01,2020,2,february,WA,3.8
2020-03-01,2020,3,march,WA,5.1
2020-04-01,2020,4,april,WA,16.3
2020-05-01,2020,5,may,WA,15.1
2020-06-01,2020,6,june,WA,10.0
2020-07-01,2020,7,july,WA,10.2
2020-08-01,2020,8,august,WA,8.4
2020-09-01,2020,9,september,WA,8.3
2020-10-01,2020,10,october,WA,6.0
2016-01-01,2016,1,january,WV,6.4
2016-02-01,2016,2,february,WV,6.4
2016-03-01,2016,3,march,WV,6.4
2016-04-01,2016,4,april,WV,6.3
2016-05-01,2016,5,may,WV,6.2
2016-06-01,2016,6,june,WV,6.2
2016-07-01,2016,7,july,WV,6.1
2016-08-01,2016,8,august,WV,6.0
2016-09-01,2016,9,september,WV,5.9
2016-10-01,2016,10,october,WV,5.8
2016-11-01,2016,11,november,WV,5.7
2016-12-01,2016,12,december,WV,5.5
2017-01-01,2017,1,january,WV,5.3
2017-02-01,2017,2,february,WV,5.2
2017-03-01,2017,3,march,WV,5.1
2017-04-01,2017,4,april,WV,5.0
2017-05-01,2017,5,may,WV,5.0
2017-06-01,2017,6,june,WV,5.1
2017-07-01,2017,7,july,WV,5.1
2017-08-01,2017,8,august,WV,5.2
2017-09-01,2017,9,september,WV,5.3
2017-10-01,2017,10,october,WV,5.3
2017-11-01,2017,11,november,WV,5.3
2017-12-01,2017,12,december,WV,5.4
2018-01-01,2018,1,january,WV,5.4
2018-02-01,2018,2,february,WV,5.4
2018-03-01,2018,3,march,WV,5.4
2018-04-01,2018,4,april,WV,5.4
2018-05-01,2018,5,may,WV,5.3
2018-06-01,2018,6,june,WV,5.3
2018-07-01,2018,7,july,WV,5.2
2018-08-01,2018,8,august,WV,5.1
2018-09-01,2018,9,september,WV,5.1
2018-10-01,2018,10,october,WV,5.0
2018-11-01,2018,11,november,WV,5.0
2018-12-01,2018,12,december,WV,4.9
2019-01-01,2019,1,january,WV,4.9
2019-02-01,2019,2,february,WV,4.8
2019-03-01,2019,3,march,WV,4.8
2019-04-01,2019,4,april,WV,4.7
2019-05-01,2019,5,may,WV,4.7
2019-06-01,2019,6,june,WV,4.7
2019-07-01,2019,7,july,WV,4.8
2019-08-01,2019,8,august,WV,4.9
2019-09-01,2019,9,september,WV,5.0
2019-10-01,2019,10,october,WV,5.1
2019-11-01,2019,11,november,WV,5.1
2019-12-01,2019,12,december,WV,5.1
2020-01-01,2020,1,january,WV,5.0
2020-02-01,2020,2,february,WV,4.9
2020-03-01,2020,3,march,WV,6.0
2020-04-01,2020,4,april,WV,15.9
2020-05-01,2020,5,may,WV,12.9
2020-06-01,2020,6,june,WV,10.5
2020-07-01,2020,7,july,WV,10.0
2020-08-01,2020,8,august,WV,8.9
2020-09-01,2020,9,september,WV,8.6
2020-10-01,2020,10,october,WV,6.4
2016-01-01,2016,1,january,WI,4.3
2016-02-01,2016,2,february,WI,4.2
2016-03-01,2016,3,march,WI,4.2
2016-04-01,2016,4,april,WI,4.1
2016-05-01,2016,5,may,WI,4.1
2016-06-01,2016,6,june,WI,4.0
2016-07-01,2016,7,july,WI,4.0
2016-08-01,2016,8,august,WI,3.9
2016-09-01,2016,9,september,WI,3.9
2016-10-01,2016,10,october,WI,3.9
2016-11-01,2016,11,november,WI,3.8
2016-12-01,2016,12,december,WI,3.7
2017-01-01,2017,1,january,WI,3.6
2017-02-01,2017,2,february,WI,3.5
2017-03-01,2017,3,march,WI,3.4
2017-04-01,2017,4,april,WI,3.3
2017-05-01,2017,5,may,WI,3.3
2017-06-01,2017,6,june,WI,3.3
2017-07-01,2017,7,july,WI,3.2
2017-08-01,2017,8,august,WI,3.2
2017-09-01,2017,9,september,WI,3.2
2017-10-01,2017,10,october,WI,3.1
2017-11-01,2017,11,november,WI,3.1
2017-12-01,2017,12,december,WI,3.0
2018-01-01,2018,1,january,WI,3.0
2018-02-01,2018,2,february,WI,3.0
2018-03-01,2018,3,march,WI,3.0
2018-04-01,2018,4,april,WI,3.0
2018-05-01,2018,5,may,WI,3.0
2018-06-01,2018,6,june,WI,3.0
2018-07-01,2018,7,july,WI,3.0
2018-08-01,2018,8,august,WI,3.0
2018-09-01,2018,9,september,WI,3.0
2018-10-01,2018,10,october,WI,3.0
2018-11-01,2018,11,november,WI,3.0
2018-12-01,2018,12,december,WI,3.0
2019-01-01,2019,1,january,WI,3.1
2019-02-01,2019,2,february,WI,3.2
2019-03-01,2019,3,march,WI,3.2
2019-04-01,2019,4,april,WI,3.3
2019-05-01,2019,5,may,WI,3.3
2019-06-01,2019,6,june,WI,3.4
2019-07-01,2019,7,july,WI,3.4
2019-08-01,2019,8,august,WI,3.4
2019-09-01,2019,9,september,WI,3.4
2019-10-01,2019,10,october,WI,3.5
2019-11-01,2019,11,november,WI,3.5
2019-12-01,2019,12,december,WI,3.5
2020-01-01,2020,1,january,WI,3.5
2020-02-01,2020,2,february,WI,3.5
2020-03-01,2020,3,march,WI,3.1
2020-04-01,2020,4,april,WI,13.6
2020-05-01,2020,5,may,WI,12.1
2020-06-01,2020,6,june,WI,8.6
2020-07-01,2020,7,july,WI,7.1
2020-08-01,2020,8,august,WI,6.3
2020-09-01,2020,9,september,WI,5.4
2020-10-01,2020,10,october,WI,5.7
2016-01-01,2016,1,january,WY,5.1
2016-02-01,2016,2,february,WY,5.4
2016-03-01,2016,3,march,WY,5.6
2016-04-01,2016,4,april,WY,5.7
2016-05-01,2016,5,may,WY,5.7
2016-06-01,2016,6,june,WY,5.6
2016-07-01,2016,7,july,WY,5.5
2016-08-01,2016,8,august,WY,5.3
2016-09-01,2016,9,september,WY,5.2
2016-10-01,2016,10,october,WY,5.0
2016-11-01,2016,11,november,WY,4.9
2016-12-01,2016,12,december,WY,4.8
2017-01-01,2017,1,january,WY,4.6
2017-02-01,2017,2,february,WY,4.4
2017-03-01,2017,3,march,WY,4.3
2017-04-01,2017,4,april,WY,4.1
2017-05-01,2017,5,may,WY,4.1
2017-06-01,2017,6,june,WY,4.0
2017-07-01,2017,7,july,WY,4.1
2017-08-01,2017,8,august,WY,4.1
2017-09-01,2017,9,september,WY,4.1
2017-10-01,2017,10,october,WY,4.1
2017-11-01,2017,11,november,WY,4.1
2017-12-01,2017,12,december,WY,4.0
2018-01-01,2018,1,january,WY,4.0
2018-02-01,2018,2,february,WY,4.0
2018-03-01,2018,3,march,WY,3.9
2018-04-01,2018,4,april,WY,3.9
2018-05-01,2018,5,may,WY,3.9
2018-06-01,2018,6,june,WY,3.9
2018-07-01,2018,7,july,WY,3.9
2018-08-01,2018,8,august,WY,3.9
2018-09-01,2018,9,september,WY,3.9
2018-10-01,2018,10,october,WY,3.8
2018-11-01,2018,11,november,WY,3.7
2018-12-01,2018,12,december,WY,3.6
2019-01-01,2019,1,january,WY,3.5
2019-02-01,2019,2,february,WY,3.5
2019-03-01,2019,3,march,WY,3.4
2019-04-01,2019,4,april,WY,3.5
2019-05-01,2019,5,may,WY,3.5
2019-06-01,2019,6,june,WY,3.6
2019-07-01,2019,7,july,WY,3.7
2019-08-01,2019,8,august,WY,3.7
2019-09-01,2019,9,september,WY,3.7
2019-10-01,2019,10,october,WY,3.7
2019-11-01,2019,11,november,WY,3.7
2019-12-01,2019,12,december,WY,3.7
2020-01-01,2020,1,january,WY,3.7
2020-02-01,2020,2,february,WY,3.7
2020-03-01,2020,3,march,WY,3.8
2020-04-01,2020,4,april,WY,9.6
2020-05-01,2020,5,may,WY,8.8
2020-06-01,2020,6,june,WY,7.6
2020-07-01,2020,7,july,WY,7.1
2020-08-01,2020,8,august,WY,6.6
2020-09-01,2020,9,september,WY,6.1
2020-10-01,2020,10,october,WY,5.5
2016-01-01,2016,1,january,PR,11.7
2016-02-01,2016,2,february,PR,11.6
2016-03-01,2016,3,march,PR,11.5
2016-04-01,2016,4,april,PR,11.5
2016-05-01,2016,5,may,PR,11.6
2016-06-01,2016,6,june,PR,11.6
2016-07-01,2016,7,july,PR,11.7
2016-08-01,2016,8,august,PR,11.8
2016-09-01,2016,9,september,PR,12.0
2016-10-01,2016,10,october,PR,12.1
2016-11-01,2016,11,november,PR,12.0
2016-12-01,2016,12,december,PR,11.9
2017-01-01,2017,1,january,PR,11.8
2017-02-01,2017,2,february,PR,11.5
2017-03-01,2017,3,march,PR,11.2
2017-04-01,2017,4,april,PR,10.9
2017-05-01,2017,5,may,PR,10.6
2017-06-01,2017,6,june,PR,10.4
2017-07-01,2017,7,july,PR,10.4
2017-08-01,2017,8,august,PR,10.5
2017-09-01,2017,9,september,PR,10.7
2017-10-01,2017,10,october,PR,11.3
2017-11-01,2017,11,november,PR,10.9
2017-12-01,2017,12,december,PR,10.7
2018-01-01,2018,1,january,PR,10.5
2018-02-01,2018,2,february,PR,10.2
2018-03-01,2018,3,march,PR,10.0
2018-04-01,2018,4,april,PR,9.7
2018-05-01,2018,5,may,PR,9.5
2018-06-01,2018,6,june,PR,9.2
2018-07-01,2018,7,july,PR,8.9
2018-08-01,2018,8,august,PR,8.6
2018-09-01,2018,9,september,PR,8.4
2018-10-01,2018,10,october,PR,8.3
2018-11-01,2018,11,november,PR,8.3
2018-12-01,2018,12,december,PR,8.5
2019-01-01,2019,1,january,PR,8.6
2019-02-01,2019,2,february,PR,8.7
2019-03-01,2019,3,march,PR,8.6
2019-04-01,2019,4,april,PR,8.4
2019-05-01,2019,5,may,PR,8.0
2019-06-01,2019,6,june,PR,7.7
2019-07-01,2019,7,july,PR,7.5
2019-08-01,2019,8,august,PR,7.6
2019-09-01,2019,9,september,PR,7.9
2019-10-01,2019,10,october,PR,8.3
2019-11-01,2019,11,november,PR,8.5
2019-12-01,2019,12,december,PR,8.5
2020-01-01,2020,1,january,PR,8.9
2020-02-01,2020,2,february,PR,8.8
2020-03-01,2020,3,march,PR,
2020-04-01,2020,4,april,PR,
2020-05-01,2020,5,may,PR,9.0
2020-06-01,2020,6,june,PR,8.9
2020-07-01,2020,7,july,PR,8.5
2020-08-01,2020,8,august,PR,8.3
2020-09-01,2020,9,september,PR,8.4
2020-10-01,2020,10,october,PR,8.3
